departamento,municipio,fecha_hecho,anio,mes,dia,trimestre,anio_mes,dia_semana,es_fin_de_semana,genero,es_mujer,grupo_etario,grupo_edad_simple,armas_medios,arma_categoria,categoria,subtipo_delito,cantidad,es_zona_metro
SANTANDER,RIONEGRO,2014-09-29,2014,9,29,3,2014-09,0,0,MASCULINO,0,ADULTOS,ADULTO,NO REPORTADO,NO_REPORTADO,HURTO,HURTO ABIGEATO,1,0
SANTANDER,CIMITARRA,2013-05-22,2013,5,22,2,2013-05,2,0,MASCULINO,0,ADULTOS,ADULTO,NO REPORTADO,NO_REPORTADO,HURTO,HURTO PIRATERÍA TERRESTRE,1,0
SANTANDER,BARRANCABERMEJA,2025-03-21,2025,3,21,1,2025-03,4,0,MASCULINO,0,ADULTOS,ADULTO,ARMA BLANCA / CORTOPUNZANTE,ARMA_BLANCA,HURTO,HURTO ABIGEATO,1,0
SANTANDER,LEBRIJA,2023-03-27,2023,3,27,1,2023-03,0,0,MASCULINO,0,ADULTOS,ADULTO,ARMA BLANCA / CORTOPUNZANTE,ARMA_BLANCA,HURTO,HURTO ABIGEATO,1,1
SANTANDER,CIMITARRA,2023-03-16,2023,3,16,1,2023-03,3,0,MASCULINO,0,ADULTOS,ADULTO,ARMA BLANCA / CORTOPUNZANTE,ARMA_BLANCA,HURTO,HURTO ABIGEATO,1,0
SANTANDER,TONA,2023-01-18,2023,1,18,1,2023-01,2,0,MASCULINO,0,ADULTOS,ADULTO,ARMA BLANCA / CORTOPUNZANTE,ARMA_BLANCA,HURTO,HURTO ABIGEATO,1,0
SANTANDER,SABANA DE TORRES,2023-06-05,2023,6,5,2,2023-06,0,0,FEMENINO,1,ADULTOS,ADULTO,ARMA BLANCA / CORTOPUNZANTE,ARMA_BLANCA,HURTO,HURTO ABIGEATO,1,0
SANTANDER,RIONEGRO,2023-06-26,2023,6,26,2,2023-06,0,0,FEMENINO,1,ADULTOS,ADULTO,ARMA BLANCA / CORTOPUNZANTE,ARMA_BLANCA,HURTO,HURTO ABIGEATO,1,0
SANTANDER,GAMBITA,2023-03-17,2023,3,17,1,2023-03,4,0,MASCULINO,0,ADULTOS,ADULTO,ARMA BLANCA / CORTOPUNZANTE,ARMA_BLANCA,HURTO,HURTO ABIGEATO,1,0
SANTANDER,BARRANCABERMEJA,2023-07-06,2023,7,6,3,2023-07,3,0,FEMENINO,1,ADULTOS,ADULTO,ARMA BLANCA / CORTOPUNZANTE,ARMA_BLANCA,HURTO,HURTO ABIGEATO,1,0
SANTANDER,BARRANCABERMEJA,2023-10-17,2023,10,17,4,2023-10,1,0,MASCULINO,0,ADULTOS,ADULTO,ARMA BLANCA / CORTOPUNZANTE,ARMA_BLANCA,HURTO,HURTO ABIGEATO,1,0
SANTANDER,TONA,2023-11-20,2023,11,20,4,2023-11,0,0,MASCULINO,0,ADULTOS,ADULTO,ARMA BLANCA / CORTOPUNZANTE,ARMA_BLANCA,HURTO,HURTO ABIGEATO,1,0
SANTANDER,CARCASÍ,2023-11-07,2023,11,7,4,2023-11,1,0,MASCULINO,0,ADULTOS,ADULTO,ARMA BLANCA / CORTOPUNZANTE,ARMA_BLANCA,HURTO,HURTO ABIGEATO,1,0
SANTANDER,PUERTO PARRA,2023-03-23,2023,3,23,1,2023-03,3,0,MASCULINO,0,ADULTOS,ADULTO,ARMA BLANCA / CORTOPUNZANTE,ARMA_BLANCA,HURTO,HURTO ABIGEATO,1,0
SANTANDER,SABANA DE TORRES,2023-12-05,2023,12,5,4,2023-12,1,0,MASCULINO,0,ADULTOS,ADULTO,ARMA BLANCA / CORTOPUNZANTE,ARMA_BLANCA,HURTO,HURTO ABIGEATO,1,0
SANTANDER,PUENTE NACIONAL,2023-06-23,2023,6,23,2,2023-06,4,0,FEMENINO,1,ADULTOS,ADULTO,ARMA BLANCA / CORTOPUNZANTE,ARMA_BLANCA,HURTO,HURTO ABIGEATO,1,0
SANTANDER,SABANA DE TORRES,2023-08-01,2023,8,1,3,2023-08,1,0,MASCULINO,0,ADULTOS,ADULTO,ARMA BLANCA / CORTOPUNZANTE,ARMA_BLANCA,HURTO,HURTO ABIGEATO,1,0
SANTANDER,BARBOSA,2024-01-03,2024,1,3,1,2024-01,2,0,MASCULINO,0,ADULTOS,ADULTO,ARMA BLANCA / CORTOPUNZANTE,ARMA_BLANCA,HURTO,HURTO ABIGEATO,1,0
SANTANDER,PUERTO WILCHES,2024-03-11,2024,3,11,1,2024-03,0,0,MASCULINO,0,ADULTOS,ADULTO,ARMA BLANCA / CORTOPUNZANTE,ARMA_BLANCA,HURTO,HURTO ABIGEATO,1,0
SANTANDER,SABANA DE TORRES,2024-05-10,2024,5,10,2,2024-05,4,0,MASCULINO,0,ADULTOS,ADULTO,ARMA BLANCA / CORTOPUNZANTE,ARMA_BLANCA,HURTO,HURTO ABIGEATO,1,0
SANTANDER,CIMITARRA,2024-05-09,2024,5,9,2,2024-05,3,0,MASCULINO,0,ADULTOS,ADULTO,ARMA BLANCA / CORTOPUNZANTE,ARMA_BLANCA,HURTO,HURTO ABIGEATO,1,0
SANTANDER,PUERTO PARRA,2024-05-14,2024,5,14,2,2024-05,1,0,MASCULINO,0,ADULTOS,ADULTO,ARMA BLANCA / CORTOPUNZANTE,ARMA_BLANCA,HURTO,HURTO ABIGEATO,1,0
SANTANDER,BARRANCABERMEJA,2024-04-10,2024,4,10,2,2024-04,2,0,MASCULINO,0,ADULTOS,ADULTO,ARMA BLANCA / CORTOPUNZANTE,ARMA_BLANCA,HURTO,HURTO ABIGEATO,1,0
SANTANDER,CIMITARRA,2024-09-10,2024,9,10,3,2024-09,1,0,MASCULINO,0,ADULTOS,ADULTO,ARMA BLANCA / CORTOPUNZANTE,ARMA_BLANCA,HURTO,HURTO ABIGEATO,1,0
SANTANDER,SIMACOTA,2024-05-17,2024,5,17,2,2024-05,4,0,FEMENINO,1,ADULTOS,ADULTO,ARMA BLANCA / CORTOPUNZANTE,ARMA_BLANCA,HURTO,HURTO ABIGEATO,1,0
SANTANDER,SAN VICENTE DE CHUCURÍ,2024-12-22,2024,12,22,4,2024-12,6,1,MASCULINO,0,ADULTOS,ADULTO,ARMA BLANCA / CORTOPUNZANTE,ARMA_BLANCA,HURTO,HURTO ABIGEATO,1,0
SANTANDER,PUERTO WILCHES,2022-06-29,2022,6,29,2,2022-06,2,0,MASCULINO,0,ADULTOS,ADULTO,ARMA BLANCA / CORTOPUNZANTE,ARMA_BLANCA,HURTO,HURTO ABIGEATO,1,0
SANTANDER,SIMACOTA,2022-09-17,2022,9,17,3,2022-09,5,1,MASCULINO,0,ADULTOS,ADULTO,ARMA BLANCA / CORTOPUNZANTE,ARMA_BLANCA,HURTO,HURTO ABIGEATO,1,0
SANTANDER,SABANA DE TORRES,2022-09-09,2022,9,9,3,2022-09,4,0,MASCULINO,0,ADULTOS,ADULTO,ARMA BLANCA / CORTOPUNZANTE,ARMA_BLANCA,HURTO,HURTO ABIGEATO,1,0
SANTANDER,SIMACOTA,2022-10-01,2022,10,1,4,2022-10,5,1,MASCULINO,0,ADULTOS,ADULTO,ARMA BLANCA / CORTOPUNZANTE,ARMA_BLANCA,HURTO,HURTO ABIGEATO,1,0
SANTANDER,GIRÓN,2022-08-14,2022,8,14,3,2022-08,6,1,FEMENINO,1,ADULTOS,ADULTO,ARMA BLANCA / CORTOPUNZANTE,ARMA_BLANCA,HURTO,HURTO ABIGEATO,1,1
SANTANDER,GAMBITA,2022-09-28,2022,9,28,3,2022-09,2,0,MASCULINO,0,ADULTOS,ADULTO,ARMA BLANCA / CORTOPUNZANTE,ARMA_BLANCA,HURTO,HURTO ABIGEATO,1,0
SANTANDER,BARRANCABERMEJA,2022-09-09,2022,9,9,3,2022-09,4,0,FEMENINO,1,ADULTOS,ADULTO,ARMA BLANCA / CORTOPUNZANTE,ARMA_BLANCA,HURTO,HURTO ABIGEATO,1,0
SANTANDER,SABANA DE TORRES,2022-11-08,2022,11,8,4,2022-11,1,0,FEMENINO,1,ADULTOS,ADULTO,ARMA BLANCA / CORTOPUNZANTE,ARMA_BLANCA,HURTO,HURTO ABIGEATO,1,0
SANTANDER,SIMACOTA,2022-11-02,2022,11,2,4,2022-11,2,0,MASCULINO,0,ADULTOS,ADULTO,ARMA BLANCA / CORTOPUNZANTE,ARMA_BLANCA,HURTO,HURTO ABIGEATO,1,0
SANTANDER,RIONEGRO,2022-11-20,2022,11,20,4,2022-11,6,1,FEMENINO,1,ADULTOS,ADULTO,ARMA BLANCA / CORTOPUNZANTE,ARMA_BLANCA,HURTO,HURTO ABIGEATO,1,0
SANTANDER,VALLE DE SAN JOSÉ,2022-12-04,2022,12,4,4,2022-12,6,1,MASCULINO,0,ADULTOS,ADULTO,ARMA BLANCA / CORTOPUNZANTE,ARMA_BLANCA,HURTO,HURTO ABIGEATO,1,0
SANTANDER,CIMITARRA,2022-11-23,2022,11,23,4,2022-11,2,0,MASCULINO,0,ADULTOS,ADULTO,ARMA BLANCA / CORTOPUNZANTE,ARMA_BLANCA,HURTO,HURTO ABIGEATO,1,0
SANTANDER,PUERTO WILCHES,2023-01-17,2023,1,17,1,2023-01,1,0,MASCULINO,0,ADULTOS,ADULTO,ARMA BLANCA / CORTOPUNZANTE,ARMA_BLANCA,HURTO,HURTO ABIGEATO,1,0
SANTANDER,PUENTE NACIONAL,2022-12-19,2022,12,19,4,2022-12,0,0,FEMENINO,1,ADULTOS,ADULTO,ARMA BLANCA / CORTOPUNZANTE,ARMA_BLANCA,HURTO,HURTO ABIGEATO,1,0
SANTANDER,PUERTO WILCHES,2022-12-28,2022,12,28,4,2022-12,2,0,MASCULINO,0,ADULTOS,ADULTO,ARMA BLANCA / CORTOPUNZANTE,ARMA_BLANCA,HURTO,HURTO ABIGEATO,1,0
SANTANDER,SABANA DE TORRES,2023-03-30,2023,3,30,1,2023-03,3,0,MASCULINO,0,ADULTOS,ADULTO,ARMA BLANCA / CORTOPUNZANTE,ARMA_BLANCA,HURTO,HURTO ABIGEATO,1,0
SANTANDER,CIMITARRA,2023-04-06,2023,4,6,2,2023-04,3,0,MASCULINO,0,ADULTOS,ADULTO,ARMA BLANCA / CORTOPUNZANTE,ARMA_BLANCA,HURTO,HURTO ABIGEATO,1,0
SANTANDER,PINCHOTE,2023-04-07,2023,4,7,2,2023-04,4,0,FEMENINO,1,ADULTOS,ADULTO,ARMA BLANCA / CORTOPUNZANTE,ARMA_BLANCA,HURTO,HURTO ABIGEATO,1,0
SANTANDER,VILLANUEVA,2023-03-18,2023,3,18,1,2023-03,5,1,MASCULINO,0,ADULTOS,ADULTO,ARMA BLANCA / CORTOPUNZANTE,ARMA_BLANCA,HURTO,HURTO ABIGEATO,1,0
SANTANDER,SUAITA,2023-04-24,2023,4,24,2,2023-04,0,0,MASCULINO,0,ADULTOS,ADULTO,ARMA BLANCA / CORTOPUNZANTE,ARMA_BLANCA,HURTO,HURTO ABIGEATO,1,0
SANTANDER,LEBRIJA,2023-05-03,2023,5,3,2,2023-05,2,0,MASCULINO,0,ADULTOS,ADULTO,ARMA BLANCA / CORTOPUNZANTE,ARMA_BLANCA,HURTO,HURTO ABIGEATO,1,1
SANTANDER,EL CARMEN DE CHUCURÍ,2021-07-02,2021,7,2,3,2021-07,4,0,FEMENINO,1,ADULTOS,ADULTO,ARMA BLANCA / CORTOPUNZANTE,ARMA_BLANCA,HURTO,HURTO ABIGEATO,1,0
SANTANDER,SABANA DE TORRES,2021-07-15,2021,7,15,3,2021-07,3,0,MASCULINO,0,ADULTOS,ADULTO,ARMA BLANCA / CORTOPUNZANTE,ARMA_BLANCA,HURTO,HURTO ABIGEATO,1,0
SANTANDER,BARRANCABERMEJA,2021-04-12,2021,4,12,2,2021-04,0,0,MASCULINO,0,ADULTOS,ADULTO,ARMA BLANCA / CORTOPUNZANTE,ARMA_BLANCA,HURTO,HURTO ABIGEATO,1,0
SANTANDER,PUERTO WILCHES,2021-08-15,2021,8,15,3,2021-08,6,1,MASCULINO,0,ADULTOS,ADULTO,ARMA BLANCA / CORTOPUNZANTE,ARMA_BLANCA,HURTO,HURTO ABIGEATO,1,0
SANTANDER,SUAITA,2021-09-16,2021,9,16,3,2021-09,3,0,MASCULINO,0,ADULTOS,ADULTO,ARMA BLANCA / CORTOPUNZANTE,ARMA_BLANCA,HURTO,HURTO ABIGEATO,1,0
SANTANDER,SUAITA,2021-09-22,2021,9,22,3,2021-09,2,0,MASCULINO,0,ADULTOS,ADULTO,ARMA BLANCA / CORTOPUNZANTE,ARMA_BLANCA,HURTO,HURTO ABIGEATO,1,0
SANTANDER,PUERTO WILCHES,2021-10-04,2021,10,4,4,2021-10,0,0,FEMENINO,1,ADULTOS,ADULTO,ARMA BLANCA / CORTOPUNZANTE,ARMA_BLANCA,HURTO,HURTO ABIGEATO,1,0
SANTANDER,RIONEGRO,2021-10-24,2021,10,24,4,2021-10,6,1,FEMENINO,1,ADULTOS,ADULTO,ARMA BLANCA / CORTOPUNZANTE,ARMA_BLANCA,HURTO,HURTO ABIGEATO,1,0
SANTANDER,BARRANCABERMEJA,2021-10-11,2021,10,11,4,2021-10,0,0,MASCULINO,0,ADULTOS,ADULTO,ARMA BLANCA / CORTOPUNZANTE,ARMA_BLANCA,HURTO,HURTO ABIGEATO,1,0
SANTANDER,SABANA DE TORRES,2021-11-03,2021,11,3,4,2021-11,2,0,MASCULINO,0,ADULTOS,ADULTO,ARMA BLANCA / CORTOPUNZANTE,ARMA_BLANCA,HURTO,HURTO ABIGEATO,1,0
SANTANDER,SIMACOTA,2021-10-22,2021,10,22,4,2021-10,4,0,FEMENINO,1,ADULTOS,ADULTO,ARMA BLANCA / CORTOPUNZANTE,ARMA_BLANCA,HURTO,HURTO ABIGEATO,1,0
SANTANDER,SIMACOTA,2021-12-05,2021,12,5,4,2021-12,6,1,FEMENINO,1,ADULTOS,ADULTO,ARMA BLANCA / CORTOPUNZANTE,ARMA_BLANCA,HURTO,HURTO ABIGEATO,1,0
SANTANDER,SIMACOTA,2021-12-05,2021,12,5,4,2021-12,6,1,FEMENINO,1,ADULTOS,ADULTO,ARMA BLANCA / CORTOPUNZANTE,ARMA_BLANCA,HURTO,HURTO ABIGEATO,1,0
SANTANDER,LANDÁZURI,2021-12-07,2021,12,7,4,2021-12,1,0,MASCULINO,0,ADULTOS,ADULTO,ARMA BLANCA / CORTOPUNZANTE,ARMA_BLANCA,HURTO,HURTO ABIGEATO,1,0
SANTANDER,LEBRIJA,2022-01-27,2022,1,27,1,2022-01,3,0,MASCULINO,0,ADULTOS,ADULTO,ARMA BLANCA / CORTOPUNZANTE,ARMA_BLANCA,HURTO,HURTO ABIGEATO,1,1
SANTANDER,SAN VICENTE DE CHUCURÍ,2022-02-23,2022,2,23,1,2022-02,2,0,MASCULINO,0,ADULTOS,ADULTO,ARMA BLANCA / CORTOPUNZANTE,ARMA_BLANCA,HURTO,HURTO ABIGEATO,1,0
SANTANDER,BARRANCABERMEJA,2021-11-02,2021,11,2,4,2021-11,1,0,MASCULINO,0,ADULTOS,ADULTO,ARMA BLANCA / CORTOPUNZANTE,ARMA_BLANCA,HURTO,HURTO ABIGEATO,1,0
SANTANDER,LEBRIJA,2022-03-14,2022,3,14,1,2022-03,0,0,MASCULINO,0,ADULTOS,ADULTO,ARMA BLANCA / CORTOPUNZANTE,ARMA_BLANCA,HURTO,HURTO ABIGEATO,1,1
SANTANDER,ALBANIA,2022-01-17,2022,1,17,1,2022-01,0,0,MASCULINO,0,ADULTOS,ADULTO,ARMA BLANCA / CORTOPUNZANTE,ARMA_BLANCA,HURTO,HURTO ABIGEATO,1,0
SANTANDER,BARRANCABERMEJA,2022-01-02,2022,1,2,1,2022-01,6,1,MASCULINO,0,ADULTOS,ADULTO,ARMA BLANCA / CORTOPUNZANTE,ARMA_BLANCA,HURTO,HURTO ABIGEATO,1,0
SANTANDER,BARRANCABERMEJA,2022-01-24,2022,1,24,1,2022-01,0,0,MASCULINO,0,ADULTOS,ADULTO,ARMA BLANCA / CORTOPUNZANTE,ARMA_BLANCA,HURTO,HURTO ABIGEATO,1,0
SANTANDER,BARRANCABERMEJA,2022-05-12,2022,5,12,2,2022-05,3,0,MASCULINO,0,ADULTOS,ADULTO,ARMA BLANCA / CORTOPUNZANTE,ARMA_BLANCA,HURTO,HURTO ABIGEATO,1,0
SANTANDER,RIONEGRO,2020-07-15,2020,7,15,3,2020-07,2,0,MASCULINO,0,ADULTOS,ADULTO,ARMA BLANCA / CORTOPUNZANTE,ARMA_BLANCA,HURTO,HURTO ABIGEATO,1,0
SANTANDER,BARRANCABERMEJA,2020-02-21,2020,2,21,1,2020-02,4,0,FEMENINO,1,ADULTOS,ADULTO,ARMA BLANCA / CORTOPUNZANTE,ARMA_BLANCA,HURTO,HURTO ABIGEATO,1,0
SANTANDER,BARRANCABERMEJA,2020-04-09,2020,4,9,2,2020-04,3,0,FEMENINO,1,ADULTOS,ADULTO,ARMA BLANCA / CORTOPUNZANTE,ARMA_BLANCA,HURTO,HURTO ABIGEATO,1,0
SANTANDER,FLORIDABLANCA,2020-08-01,2020,8,1,3,2020-08,5,1,MASCULINO,0,ADULTOS,ADULTO,ARMA BLANCA / CORTOPUNZANTE,ARMA_BLANCA,HURTO,HURTO ABIGEATO,1,1
SANTANDER,BARRANCABERMEJA,2020-04-09,2020,4,9,2,2020-04,3,0,FEMENINO,1,ADULTOS,ADULTO,ARMA BLANCA / CORTOPUNZANTE,ARMA_BLANCA,HURTO,HURTO ABIGEATO,1,0
SANTANDER,SABANA DE TORRES,2020-09-14,2020,9,14,3,2020-09,0,0,MASCULINO,0,ADULTOS,ADULTO,ARMA BLANCA / CORTOPUNZANTE,ARMA_BLANCA,HURTO,HURTO ABIGEATO,1,0
SANTANDER,EL CARMEN DE CHUCURÍ,2020-10-10,2020,10,10,4,2020-10,5,1,MASCULINO,0,ADULTOS,ADULTO,ARMA BLANCA / CORTOPUNZANTE,ARMA_BLANCA,HURTO,HURTO ABIGEATO,1,0
SANTANDER,CIMITARRA,2020-05-31,2020,5,31,2,2020-05,6,1,MASCULINO,0,ADULTOS,ADULTO,ARMA BLANCA / CORTOPUNZANTE,ARMA_BLANCA,HURTO,HURTO ABIGEATO,1,0
SANTANDER,SABANA DE TORRES,2021-01-08,2021,1,8,1,2021-01,4,0,MASCULINO,0,ADULTOS,ADULTO,ARMA BLANCA / CORTOPUNZANTE,ARMA_BLANCA,HURTO,HURTO ABIGEATO,1,0
SANTANDER,OIBA,2021-01-26,2021,1,26,1,2021-01,1,0,MASCULINO,0,ADULTOS,ADULTO,ARMA BLANCA / CORTOPUNZANTE,ARMA_BLANCA,HURTO,HURTO ABIGEATO,1,0
SANTANDER,BARRANCABERMEJA,2021-01-27,2021,1,27,1,2021-01,2,0,MASCULINO,0,ADULTOS,ADULTO,ARMA BLANCA / CORTOPUNZANTE,ARMA_BLANCA,HURTO,HURTO ABIGEATO,1,0
SANTANDER,HATO,2021-03-07,2021,3,7,1,2021-03,6,1,FEMENINO,1,ADULTOS,ADULTO,ARMA BLANCA / CORTOPUNZANTE,ARMA_BLANCA,HURTO,HURTO ABIGEATO,1,0
SANTANDER,BARRANCABERMEJA,2021-04-10,2021,4,10,2,2021-04,5,1,MASCULINO,0,ADULTOS,ADULTO,ARMA BLANCA / CORTOPUNZANTE,ARMA_BLANCA,HURTO,HURTO ABIGEATO,1,0
SANTANDER,EL CARMEN DE CHUCURÍ,2021-05-11,2021,5,11,2,2021-05,1,0,MASCULINO,0,ADULTOS,ADULTO,ARMA BLANCA / CORTOPUNZANTE,ARMA_BLANCA,HURTO,HURTO ABIGEATO,1,0
SANTANDER,PUERTO WILCHES,2021-05-16,2021,5,16,2,2021-05,6,1,MASCULINO,0,ADULTOS,ADULTO,ARMA BLANCA / CORTOPUNZANTE,ARMA_BLANCA,HURTO,HURTO ABIGEATO,1,0
SANTANDER,CAPITANEJO,2019-07-01,2019,7,1,3,2019-07,0,0,MASCULINO,0,ADULTOS,ADULTO,ARMA BLANCA / CORTOPUNZANTE,ARMA_BLANCA,HURTO,HURTO ABIGEATO,1,0
SANTANDER,BARBOSA,2019-11-06,2019,11,6,4,2019-11,2,0,MASCULINO,0,ADULTOS,ADULTO,ARMA BLANCA / CORTOPUNZANTE,ARMA_BLANCA,HURTO,HURTO ABIGEATO,1,0
SANTANDER,GAMBITA,2019-11-09,2019,11,9,4,2019-11,5,1,MASCULINO,0,ADULTOS,ADULTO,ARMA BLANCA / CORTOPUNZANTE,ARMA_BLANCA,HURTO,HURTO ABIGEATO,1,0
SANTANDER,BARRANCABERMEJA,2019-11-21,2019,11,21,4,2019-11,3,0,MASCULINO,0,ADULTOS,ADULTO,ARMA BLANCA / CORTOPUNZANTE,ARMA_BLANCA,HURTO,HURTO ABIGEATO,1,0
SANTANDER,PIEDECUESTA,2019-10-15,2019,10,15,4,2019-10,1,0,FEMENINO,1,ADULTOS,ADULTO,ARMA BLANCA / CORTOPUNZANTE,ARMA_BLANCA,HURTO,HURTO ABIGEATO,1,1
SANTANDER,BARRANCABERMEJA,2020-01-14,2020,1,14,1,2020-01,1,0,MASCULINO,0,ADULTOS,ADULTO,ARMA BLANCA / CORTOPUNZANTE,ARMA_BLANCA,HURTO,HURTO ABIGEATO,1,0
SANTANDER,PUERTO PARRA,2020-02-27,2020,2,27,1,2020-02,3,0,MASCULINO,0,ADULTOS,ADULTO,ARMA BLANCA / CORTOPUNZANTE,ARMA_BLANCA,HURTO,HURTO ABIGEATO,1,0
SANTANDER,BUCARAMANGA (CT),2020-02-29,2020,2,29,1,2020-02,5,1,MASCULINO,0,ADULTOS,ADULTO,ARMA BLANCA / CORTOPUNZANTE,ARMA_BLANCA,HURTO,HURTO ABIGEATO,1,1
SANTANDER,BARRANCABERMEJA,2020-03-14,2020,3,14,1,2020-03,5,1,MASCULINO,0,ADULTOS,ADULTO,ARMA BLANCA / CORTOPUNZANTE,ARMA_BLANCA,HURTO,HURTO ABIGEATO,1,0
SANTANDER,BARRANCABERMEJA,2020-03-18,2020,3,18,1,2020-03,2,0,MASCULINO,0,ADULTOS,ADULTO,ARMA BLANCA / CORTOPUNZANTE,ARMA_BLANCA,HURTO,HURTO ABIGEATO,1,0
SANTANDER,BARRANCABERMEJA,2020-02-05,2020,2,5,1,2020-02,2,0,MASCULINO,0,ADULTOS,ADULTO,ARMA BLANCA / CORTOPUNZANTE,ARMA_BLANCA,HURTO,HURTO ABIGEATO,1,0
SANTANDER,BARRANCABERMEJA,2020-03-04,2020,3,4,1,2020-03,2,0,MASCULINO,0,ADULTOS,ADULTO,ARMA BLANCA / CORTOPUNZANTE,ARMA_BLANCA,HURTO,HURTO ABIGEATO,1,0
SANTANDER,SIMACOTA,2020-03-10,2020,3,10,1,2020-03,1,0,FEMENINO,1,ADULTOS,ADULTO,ARMA BLANCA / CORTOPUNZANTE,ARMA_BLANCA,HURTO,HURTO ABIGEATO,1,0
SANTANDER,GIRÓN,2020-06-13,2020,6,13,2,2020-06,5,1,MASCULINO,0,ADULTOS,ADULTO,ARMA BLANCA / CORTOPUNZANTE,ARMA_BLANCA,HURTO,HURTO ABIGEATO,1,1
SANTANDER,FLORIDABLANCA,2020-07-02,2020,7,2,3,2020-07,3,0,FEMENINO,1,ADULTOS,ADULTO,ARMA BLANCA / CORTOPUNZANTE,ARMA_BLANCA,HURTO,HURTO ABIGEATO,1,1
SANTANDER,SABANA DE TORRES,2018-07-14,2018,7,14,3,2018-07,5,1,MASCULINO,0,ADULTOS,ADULTO,ARMA BLANCA / CORTOPUNZANTE,ARMA_BLANCA,HURTO,HURTO ABIGEATO,1,0
SANTANDER,GAMBITA,2019-01-09,2019,1,9,1,2019-01,2,0,MASCULINO,0,ADULTOS,ADULTO,ARMA BLANCA / CORTOPUNZANTE,ARMA_BLANCA,HURTO,HURTO ABIGEATO,1,0
SANTANDER,BARRANCABERMEJA,2019-01-14,2019,1,14,1,2019-01,0,0,MASCULINO,0,ADULTOS,ADULTO,ARMA BLANCA / CORTOPUNZANTE,ARMA_BLANCA,HURTO,HURTO ABIGEATO,1,0
SANTANDER,PUENTE NACIONAL,2019-01-20,2019,1,20,1,2019-01,6,1,MASCULINO,0,ADULTOS,ADULTO,ARMA BLANCA / CORTOPUNZANTE,ARMA_BLANCA,HURTO,HURTO ABIGEATO,1,0
SANTANDER,BARRANCABERMEJA,2019-01-25,2019,1,25,1,2019-01,4,0,FEMENINO,1,ADULTOS,ADULTO,ARMA BLANCA / CORTOPUNZANTE,ARMA_BLANCA,HURTO,HURTO ABIGEATO,1,0
SANTANDER,BARRANCABERMEJA,2019-01-31,2019,1,31,1,2019-01,3,0,FEMENINO,1,ADULTOS,ADULTO,ARMA BLANCA / CORTOPUNZANTE,ARMA_BLANCA,HURTO,HURTO ABIGEATO,1,0
SANTANDER,SABANA DE TORRES,2019-02-01,2019,2,1,1,2019-02,4,0,MASCULINO,0,ADULTOS,ADULTO,ARMA BLANCA / CORTOPUNZANTE,ARMA_BLANCA,HURTO,HURTO ABIGEATO,1,0
SANTANDER,PUERTO WILCHES,2019-02-04,2019,2,4,1,2019-02,0,0,MASCULINO,0,ADULTOS,ADULTO,ARMA BLANCA / CORTOPUNZANTE,ARMA_BLANCA,HURTO,HURTO ABIGEATO,1,0
SANTANDER,BARRANCABERMEJA,2019-01-31,2019,1,31,1,2019-01,3,0,MASCULINO,0,ADULTOS,ADULTO,ARMA BLANCA / CORTOPUNZANTE,ARMA_BLANCA,HURTO,HURTO ABIGEATO,1,0
SANTANDER,BARRANCABERMEJA,2019-02-03,2019,2,3,1,2019-02,6,1,MASCULINO,0,ADULTOS,ADULTO,ARMA BLANCA / CORTOPUNZANTE,ARMA_BLANCA,HURTO,HURTO ABIGEATO,1,0
SANTANDER,BARRANCABERMEJA,2019-02-07,2019,2,7,1,2019-02,3,0,MASCULINO,0,ADULTOS,ADULTO,ARMA BLANCA / CORTOPUNZANTE,ARMA_BLANCA,HURTO,HURTO ABIGEATO,1,0
SANTANDER,CIMITARRA,2019-02-05,2019,2,5,1,2019-02,1,0,MASCULINO,0,ADULTOS,ADULTO,ARMA BLANCA / CORTOPUNZANTE,ARMA_BLANCA,HURTO,HURTO ABIGEATO,1,0
SANTANDER,BARRANCABERMEJA,2019-02-14,2019,2,14,1,2019-02,3,0,MASCULINO,0,ADULTOS,ADULTO,ARMA BLANCA / CORTOPUNZANTE,ARMA_BLANCA,HURTO,HURTO ABIGEATO,1,0
SANTANDER,TONA,2019-02-09,2019,2,9,1,2019-02,5,1,MASCULINO,0,ADULTOS,ADULTO,ARMA BLANCA / CORTOPUNZANTE,ARMA_BLANCA,HURTO,HURTO ABIGEATO,1,0
SANTANDER,BARRANCABERMEJA,2019-02-17,2019,2,17,1,2019-02,6,1,MASCULINO,0,ADULTOS,ADULTO,ARMA BLANCA / CORTOPUNZANTE,ARMA_BLANCA,HURTO,HURTO ABIGEATO,1,0
SANTANDER,BARRANCABERMEJA,2019-02-21,2019,2,21,1,2019-02,3,0,MASCULINO,0,ADULTOS,ADULTO,ARMA BLANCA / CORTOPUNZANTE,ARMA_BLANCA,HURTO,HURTO ABIGEATO,1,0
SANTANDER,BARRANCABERMEJA,2019-02-03,2019,2,3,1,2019-02,6,1,MASCULINO,0,ADULTOS,ADULTO,ARMA BLANCA / CORTOPUNZANTE,ARMA_BLANCA,HURTO,HURTO ABIGEATO,1,0
SANTANDER,CIMITARRA,2019-02-15,2019,2,15,1,2019-02,4,0,MASCULINO,0,ADULTOS,ADULTO,ARMA BLANCA / CORTOPUNZANTE,ARMA_BLANCA,HURTO,HURTO ABIGEATO,1,0
SANTANDER,GIRÓN,2019-03-02,2019,3,2,1,2019-03,5,1,FEMENINO,1,ADULTOS,ADULTO,ARMA BLANCA / CORTOPUNZANTE,ARMA_BLANCA,HURTO,HURTO ABIGEATO,1,1
SANTANDER,BARRANCABERMEJA,2019-05-13,2019,5,13,2,2019-05,0,0,MASCULINO,0,ADULTOS,ADULTO,ARMA BLANCA / CORTOPUNZANTE,ARMA_BLANCA,HURTO,HURTO ABIGEATO,1,0
SANTANDER,BARRANCABERMEJA,2019-06-04,2019,6,4,2,2019-06,1,0,MASCULINO,0,ADULTOS,ADULTO,ARMA BLANCA / CORTOPUNZANTE,ARMA_BLANCA,HURTO,HURTO ABIGEATO,1,0
SANTANDER,PUENTE NACIONAL,2019-07-19,2019,7,19,3,2019-07,4,0,MASCULINO,0,ADULTOS,ADULTO,ARMA BLANCA / CORTOPUNZANTE,ARMA_BLANCA,HURTO,HURTO ABIGEATO,1,0
SANTANDER,BARBOSA,2019-07-31,2019,7,31,3,2019-07,2,0,FEMENINO,1,ADULTOS,ADULTO,ARMA BLANCA / CORTOPUNZANTE,ARMA_BLANCA,HURTO,HURTO ABIGEATO,1,0
SANTANDER,PUENTE NACIONAL,2019-07-20,2019,7,20,3,2019-07,5,1,MASCULINO,0,ADULTOS,ADULTO,ARMA BLANCA / CORTOPUNZANTE,ARMA_BLANCA,HURTO,HURTO ABIGEATO,1,0
SANTANDER,PUERTO WILCHES,2019-06-13,2019,6,13,2,2019-06,3,0,MASCULINO,0,ADULTOS,ADULTO,ARMA BLANCA / CORTOPUNZANTE,ARMA_BLANCA,HURTO,HURTO ABIGEATO,1,0
SANTANDER,BARRANCABERMEJA,2019-07-14,2019,7,14,3,2019-07,6,1,MASCULINO,0,ADULTOS,ADULTO,ARMA BLANCA / CORTOPUNZANTE,ARMA_BLANCA,HURTO,HURTO ABIGEATO,1,0
SANTANDER,BARRANCABERMEJA,2019-07-28,2019,7,28,3,2019-07,6,1,MASCULINO,0,ADULTOS,ADULTO,ARMA BLANCA / CORTOPUNZANTE,ARMA_BLANCA,HURTO,HURTO ABIGEATO,1,0
SANTANDER,GIRÓN,2018-06-15,2018,6,15,2,2018-06,4,0,MASCULINO,0,ADULTOS,ADULTO,ARMA BLANCA / CORTOPUNZANTE,ARMA_BLANCA,HURTO,HURTO ABIGEATO,1,1
SANTANDER,BARRANCABERMEJA,2018-01-22,2018,1,22,1,2018-01,0,0,MASCULINO,0,ADULTOS,ADULTO,ARMA BLANCA / CORTOPUNZANTE,ARMA_BLANCA,HURTO,HURTO ABIGEATO,1,0
SANTANDER,BARRANCABERMEJA,2018-07-09,2018,7,9,3,2018-07,0,0,MASCULINO,0,ADULTOS,ADULTO,ARMA BLANCA / CORTOPUNZANTE,ARMA_BLANCA,HURTO,HURTO ABIGEATO,1,0
SANTANDER,PUENTE NACIONAL,2018-03-22,2018,3,22,1,2018-03,3,0,MASCULINO,0,ADULTOS,ADULTO,ARMA BLANCA / CORTOPUNZANTE,ARMA_BLANCA,HURTO,HURTO ABIGEATO,1,0
SANTANDER,TONA,2018-07-20,2018,7,20,3,2018-07,4,0,MASCULINO,0,ADULTOS,ADULTO,ARMA BLANCA / CORTOPUNZANTE,ARMA_BLANCA,HURTO,HURTO ABIGEATO,1,0
SANTANDER,LEBRIJA,2018-07-22,2018,7,22,3,2018-07,6,1,FEMENINO,1,ADULTOS,ADULTO,ARMA BLANCA / CORTOPUNZANTE,ARMA_BLANCA,HURTO,HURTO ABIGEATO,1,1
SANTANDER,PUENTE NACIONAL,2018-07-19,2018,7,19,3,2018-07,3,0,MASCULINO,0,ADULTOS,ADULTO,ARMA BLANCA / CORTOPUNZANTE,ARMA_BLANCA,HURTO,HURTO ABIGEATO,1,0
SANTANDER,PUERTO PARRA,2018-05-03,2018,5,3,2,2018-05,3,0,MASCULINO,0,ADULTOS,ADULTO,ARMA BLANCA / CORTOPUNZANTE,ARMA_BLANCA,HURTO,HURTO ABIGEATO,1,0
SANTANDER,BARRANCABERMEJA,2018-03-16,2018,3,16,1,2018-03,4,0,MASCULINO,0,ADULTOS,ADULTO,ARMA BLANCA / CORTOPUNZANTE,ARMA_BLANCA,HURTO,HURTO ABIGEATO,1,0
SANTANDER,BARRANCABERMEJA,2018-08-01,2018,8,1,3,2018-08,2,0,MASCULINO,0,ADULTOS,ADULTO,ARMA BLANCA / CORTOPUNZANTE,ARMA_BLANCA,HURTO,HURTO ABIGEATO,1,0
SANTANDER,PUERTO WILCHES,2018-07-23,2018,7,23,3,2018-07,0,0,FEMENINO,1,ADULTOS,ADULTO,ARMA BLANCA / CORTOPUNZANTE,ARMA_BLANCA,HURTO,HURTO ABIGEATO,1,0
SANTANDER,BARRANCABERMEJA,2018-08-05,2018,8,5,3,2018-08,6,1,MASCULINO,0,ADULTOS,ADULTO,ARMA BLANCA / CORTOPUNZANTE,ARMA_BLANCA,HURTO,HURTO ABIGEATO,1,0
SANTANDER,CIMITARRA,2018-07-29,2018,7,29,3,2018-07,6,1,MASCULINO,0,ADULTOS,ADULTO,ARMA BLANCA / CORTOPUNZANTE,ARMA_BLANCA,HURTO,HURTO ABIGEATO,1,0
SANTANDER,GIRÓN,2018-08-10,2018,8,10,3,2018-08,4,0,FEMENINO,1,ADULTOS,ADULTO,ARMA BLANCA / CORTOPUNZANTE,ARMA_BLANCA,HURTO,HURTO ABIGEATO,1,1
SANTANDER,GIRÓN,2018-08-22,2018,8,22,3,2018-08,2,0,MASCULINO,0,ADULTOS,ADULTO,ARMA BLANCA / CORTOPUNZANTE,ARMA_BLANCA,HURTO,HURTO ABIGEATO,1,1
SANTANDER,BOLÍVAR,2018-06-06,2018,6,6,2,2018-06,2,0,FEMENINO,1,ADULTOS,ADULTO,ARMA BLANCA / CORTOPUNZANTE,ARMA_BLANCA,HURTO,HURTO ABIGEATO,1,0
SANTANDER,LEBRIJA,2018-08-30,2018,8,30,3,2018-08,3,0,FEMENINO,1,ADULTOS,ADULTO,ARMA BLANCA / CORTOPUNZANTE,ARMA_BLANCA,HURTO,HURTO ABIGEATO,1,1
SANTANDER,SABANA DE TORRES,2018-09-11,2018,9,11,3,2018-09,1,0,MASCULINO,0,ADULTOS,ADULTO,ARMA BLANCA / CORTOPUNZANTE,ARMA_BLANCA,HURTO,HURTO ABIGEATO,1,0
SANTANDER,LA PAZ,2018-09-26,2018,9,26,3,2018-09,2,0,MASCULINO,0,ADULTOS,ADULTO,ARMA BLANCA / CORTOPUNZANTE,ARMA_BLANCA,HURTO,HURTO ABIGEATO,1,0
SANTANDER,BARRANCABERMEJA,2018-11-01,2018,11,1,4,2018-11,3,0,MASCULINO,0,ADULTOS,ADULTO,ARMA BLANCA / CORTOPUNZANTE,ARMA_BLANCA,HURTO,HURTO ABIGEATO,1,0
SANTANDER,PUENTE NACIONAL,2018-11-28,2018,11,28,4,2018-11,2,0,MASCULINO,0,ADULTOS,ADULTO,ARMA BLANCA / CORTOPUNZANTE,ARMA_BLANCA,HURTO,HURTO ABIGEATO,1,0
SANTANDER,BARRANCABERMEJA,2018-12-15,2018,12,15,4,2018-12,5,1,MASCULINO,0,ADULTOS,ADULTO,ARMA BLANCA / CORTOPUNZANTE,ARMA_BLANCA,HURTO,HURTO ABIGEATO,1,0
SANTANDER,BARRANCABERMEJA,2018-12-22,2018,12,22,4,2018-12,5,1,MASCULINO,0,ADULTOS,ADULTO,ARMA BLANCA / CORTOPUNZANTE,ARMA_BLANCA,HURTO,HURTO ABIGEATO,1,0
SANTANDER,BARRANCABERMEJA,2018-02-10,2018,2,10,1,2018-02,5,1,MASCULINO,0,ADULTOS,ADULTO,ARMA BLANCA / CORTOPUNZANTE,ARMA_BLANCA,HURTO,HURTO ABIGEATO,1,0
SANTANDER,BARRANCABERMEJA,2017-12-23,2017,12,23,4,2017-12,5,1,MASCULINO,0,ADULTOS,ADULTO,ARMA BLANCA / CORTOPUNZANTE,ARMA_BLANCA,HURTO,HURTO ABIGEATO,1,0
SANTANDER,BARRANCABERMEJA,2018-02-05,2018,2,5,1,2018-02,0,0,MASCULINO,0,ADULTOS,ADULTO,ARMA BLANCA / CORTOPUNZANTE,ARMA_BLANCA,HURTO,HURTO ABIGEATO,1,0
SANTANDER,BARRANCABERMEJA,2018-02-11,2018,2,11,1,2018-02,6,1,MASCULINO,0,ADULTOS,ADULTO,ARMA BLANCA / CORTOPUNZANTE,ARMA_BLANCA,HURTO,HURTO ABIGEATO,1,0
SANTANDER,BARRANCABERMEJA,2017-03-06,2017,3,6,1,2017-03,0,0,FEMENINO,1,ADULTOS,ADULTO,ARMA BLANCA / CORTOPUNZANTE,ARMA_BLANCA,HURTO,HURTO ABIGEATO,1,0
SANTANDER,BARRANCABERMEJA,2017-05-02,2017,5,2,2,2017-05,1,0,MASCULINO,0,ADULTOS,ADULTO,ARMA BLANCA / CORTOPUNZANTE,ARMA_BLANCA,HURTO,HURTO ABIGEATO,1,0
SANTANDER,PUERTO WILCHES,2017-08-06,2017,8,6,3,2017-08,6,1,MASCULINO,0,ADULTOS,ADULTO,ARMA BLANCA / CORTOPUNZANTE,ARMA_BLANCA,HURTO,HURTO ABIGEATO,1,0
SANTANDER,PUERTO WILCHES,2017-09-01,2017,9,1,3,2017-09,4,0,MASCULINO,0,ADULTOS,ADULTO,ARMA BLANCA / CORTOPUNZANTE,ARMA_BLANCA,HURTO,HURTO ABIGEATO,1,0
SANTANDER,BARRANCABERMEJA,2017-09-13,2017,9,13,3,2017-09,2,0,MASCULINO,0,ADULTOS,ADULTO,ARMA BLANCA / CORTOPUNZANTE,ARMA_BLANCA,HURTO,HURTO ABIGEATO,1,0
SANTANDER,BARRANCABERMEJA,2018-03-14,2018,3,14,1,2018-03,2,0,MASCULINO,0,ADULTOS,ADULTO,ARMA BLANCA / CORTOPUNZANTE,ARMA_BLANCA,HURTO,HURTO ABIGEATO,1,0
SANTANDER,SAN VICENTE DE CHUCURÍ,2018-04-18,2018,4,18,2,2018-04,2,0,FEMENINO,1,ADULTOS,ADULTO,ARMA BLANCA / CORTOPUNZANTE,ARMA_BLANCA,HURTO,HURTO ABIGEATO,1,0
SANTANDER,BARRANCABERMEJA,2017-12-20,2017,12,20,4,2017-12,2,0,MASCULINO,0,ADULTOS,ADULTO,ARMA BLANCA / CORTOPUNZANTE,ARMA_BLANCA,HURTO,HURTO ABIGEATO,1,0
SANTANDER,BARRANCABERMEJA,2018-01-15,2018,1,15,1,2018-01,0,0,MASCULINO,0,ADULTOS,ADULTO,ARMA BLANCA / CORTOPUNZANTE,ARMA_BLANCA,HURTO,HURTO ABIGEATO,1,0
SANTANDER,PUENTE NACIONAL,2018-04-13,2018,4,13,2,2018-04,4,0,MASCULINO,0,ADULTOS,ADULTO,ARMA BLANCA / CORTOPUNZANTE,ARMA_BLANCA,HURTO,HURTO ABIGEATO,1,0
SANTANDER,GIRÓN,2018-05-10,2018,5,10,2,2018-05,3,0,FEMENINO,1,ADULTOS,ADULTO,ARMA BLANCA / CORTOPUNZANTE,ARMA_BLANCA,HURTO,HURTO ABIGEATO,1,1
SANTANDER,SOCORRO,2018-05-29,2018,5,29,2,2018-05,1,0,MASCULINO,0,ADULTOS,ADULTO,ARMA BLANCA / CORTOPUNZANTE,ARMA_BLANCA,HURTO,HURTO ABIGEATO,1,0
SANTANDER,VÉLEZ,2017-08-04,2017,8,4,3,2017-08,4,0,MASCULINO,0,ADULTOS,ADULTO,ARMA BLANCA / CORTOPUNZANTE,ARMA_BLANCA,HURTO,HURTO ABIGEATO,1,0
SANTANDER,BARRANCABERMEJA,2017-08-14,2017,8,14,3,2017-08,0,0,MASCULINO,0,ADULTOS,ADULTO,ARMA BLANCA / CORTOPUNZANTE,ARMA_BLANCA,HURTO,HURTO ABIGEATO,1,0
SANTANDER,SABANA DE TORRES,2017-08-23,2017,8,23,3,2017-08,2,0,MASCULINO,0,ADULTOS,ADULTO,ARMA BLANCA / CORTOPUNZANTE,ARMA_BLANCA,HURTO,HURTO ABIGEATO,1,0
SANTANDER,SABANA DE TORRES,2017-08-28,2017,8,28,3,2017-08,0,0,MASCULINO,0,ADULTOS,ADULTO,ARMA BLANCA / CORTOPUNZANTE,ARMA_BLANCA,HURTO,HURTO ABIGEATO,1,0
SANTANDER,SABANA DE TORRES,2017-09-21,2017,9,21,3,2017-09,3,0,FEMENINO,1,ADULTOS,ADULTO,ARMA BLANCA / CORTOPUNZANTE,ARMA_BLANCA,HURTO,HURTO ABIGEATO,1,0
SANTANDER,BARRANCABERMEJA,2017-09-24,2017,9,24,3,2017-09,6,1,MASCULINO,0,ADULTOS,ADULTO,ARMA BLANCA / CORTOPUNZANTE,ARMA_BLANCA,HURTO,HURTO ABIGEATO,1,0
SANTANDER,SABANA DE TORRES,2017-10-19,2017,10,19,4,2017-10,3,0,MASCULINO,0,ADULTOS,ADULTO,ARMA BLANCA / CORTOPUNZANTE,ARMA_BLANCA,HURTO,HURTO ABIGEATO,1,0
SANTANDER,RIONEGRO,2017-11-02,2017,11,2,4,2017-11,3,0,MASCULINO,0,ADULTOS,ADULTO,ARMA BLANCA / CORTOPUNZANTE,ARMA_BLANCA,HURTO,HURTO ABIGEATO,1,0
SANTANDER,BARRANCABERMEJA,2017-11-12,2017,11,12,4,2017-11,6,1,MASCULINO,0,ADULTOS,ADULTO,ARMA BLANCA / CORTOPUNZANTE,ARMA_BLANCA,HURTO,HURTO ABIGEATO,1,0
SANTANDER,BARRANCABERMEJA,2017-10-28,2017,10,28,4,2017-10,5,1,FEMENINO,1,ADULTOS,ADULTO,ARMA BLANCA / CORTOPUNZANTE,ARMA_BLANCA,HURTO,HURTO ABIGEATO,1,0
SANTANDER,BARRANCABERMEJA,2017-11-18,2017,11,18,4,2017-11,5,1,MASCULINO,0,ADULTOS,ADULTO,ARMA BLANCA / CORTOPUNZANTE,ARMA_BLANCA,HURTO,HURTO ABIGEATO,1,0
SANTANDER,BARRANCABERMEJA,2017-09-24,2017,9,24,3,2017-09,6,1,FEMENINO,1,ADULTOS,ADULTO,ARMA BLANCA / CORTOPUNZANTE,ARMA_BLANCA,HURTO,HURTO ABIGEATO,1,0
SANTANDER,BETULIA,2017-11-28,2017,11,28,4,2017-11,1,0,MASCULINO,0,ADULTOS,ADULTO,ARMA BLANCA / CORTOPUNZANTE,ARMA_BLANCA,HURTO,HURTO ABIGEATO,1,0
SANTANDER,BARRANCABERMEJA,2017-05-21,2017,5,21,2,2017-05,6,1,MASCULINO,0,ADULTOS,ADULTO,ARMA BLANCA / CORTOPUNZANTE,ARMA_BLANCA,HURTO,HURTO ABIGEATO,1,0
SANTANDER,BARRANCABERMEJA,2017-11-18,2017,11,18,4,2017-11,5,1,MASCULINO,0,ADULTOS,ADULTO,ARMA BLANCA / CORTOPUNZANTE,ARMA_BLANCA,HURTO,HURTO ABIGEATO,1,0
SANTANDER,BARRANCABERMEJA,2017-11-20,2017,11,20,4,2017-11,0,0,FEMENINO,1,ADULTOS,ADULTO,ARMA BLANCA / CORTOPUNZANTE,ARMA_BLANCA,HURTO,HURTO ABIGEATO,1,0
SANTANDER,PUERTO WILCHES,2017-12-09,2017,12,9,4,2017-12,5,1,FEMENINO,1,ADULTOS,ADULTO,ARMA BLANCA / CORTOPUNZANTE,ARMA_BLANCA,HURTO,HURTO ABIGEATO,1,0
SANTANDER,BARRANCABERMEJA,2017-12-15,2017,12,15,4,2017-12,4,0,FEMENINO,1,ADULTOS,ADULTO,ARMA BLANCA / CORTOPUNZANTE,ARMA_BLANCA,HURTO,HURTO ABIGEATO,1,0
SANTANDER,SABANA DE TORRES,2018-01-10,2018,1,10,1,2018-01,2,0,MASCULINO,0,ADULTOS,ADULTO,ARMA BLANCA / CORTOPUNZANTE,ARMA_BLANCA,HURTO,HURTO ABIGEATO,1,0
SANTANDER,BUCARAMANGA (CT),2018-01-20,2018,1,20,1,2018-01,5,1,MASCULINO,0,ADULTOS,ADULTO,ARMA BLANCA / CORTOPUNZANTE,ARMA_BLANCA,HURTO,HURTO ABIGEATO,1,1
SANTANDER,SAN VICENTE DE CHUCURÍ,2018-01-25,2018,1,25,1,2018-01,3,0,MASCULINO,0,ADULTOS,ADULTO,ARMA BLANCA / CORTOPUNZANTE,ARMA_BLANCA,HURTO,HURTO ABIGEATO,1,0
SANTANDER,SUAITA,2018-01-10,2018,1,10,1,2018-01,2,0,FEMENINO,1,ADULTOS,ADULTO,ARMA BLANCA / CORTOPUNZANTE,ARMA_BLANCA,HURTO,HURTO ABIGEATO,1,0
SANTANDER,PUENTE NACIONAL,2017-01-30,2017,1,30,1,2017-01,0,0,MASCULINO,0,ADULTOS,ADULTO,ARMA BLANCA / CORTOPUNZANTE,ARMA_BLANCA,HURTO,HURTO ABIGEATO,1,0
SANTANDER,BARRANCABERMEJA,2016-11-23,2016,11,23,4,2016-11,2,0,MASCULINO,0,ADULTOS,ADULTO,ARMA BLANCA / CORTOPUNZANTE,ARMA_BLANCA,HURTO,HURTO ABIGEATO,1,0
SANTANDER,BARRANCABERMEJA,2016-12-14,2016,12,14,4,2016-12,2,0,FEMENINO,1,ADULTOS,ADULTO,ARMA BLANCA / CORTOPUNZANTE,ARMA_BLANCA,HURTO,HURTO ABIGEATO,1,0
SANTANDER,BARRANCABERMEJA,2017-05-06,2017,5,6,2,2017-05,5,1,MASCULINO,0,ADULTOS,ADULTO,ARMA BLANCA / CORTOPUNZANTE,ARMA_BLANCA,HURTO,HURTO ABIGEATO,1,0
SANTANDER,BARRANCABERMEJA,2017-05-08,2017,5,8,2,2017-05,0,0,MASCULINO,0,ADULTOS,ADULTO,ARMA BLANCA / CORTOPUNZANTE,ARMA_BLANCA,HURTO,HURTO ABIGEATO,1,0
SANTANDER,CIMITARRA,2017-05-26,2017,5,26,2,2017-05,4,0,MASCULINO,0,ADULTOS,ADULTO,ARMA BLANCA / CORTOPUNZANTE,ARMA_BLANCA,HURTO,HURTO ABIGEATO,1,0
SANTANDER,BARRANCABERMEJA,2016-12-23,2016,12,23,4,2016-12,4,0,MASCULINO,0,ADULTOS,ADULTO,ARMA BLANCA / CORTOPUNZANTE,ARMA_BLANCA,HURTO,HURTO ABIGEATO,1,0
SANTANDER,BARRANCABERMEJA,2017-06-04,2017,6,4,2,2017-06,6,1,MASCULINO,0,ADULTOS,ADULTO,ARMA BLANCA / CORTOPUNZANTE,ARMA_BLANCA,HURTO,HURTO ABIGEATO,1,0
SANTANDER,PUERTO WILCHES,2016-08-28,2016,8,28,3,2016-08,6,1,MASCULINO,0,ADULTOS,ADULTO,ARMA BLANCA / CORTOPUNZANTE,ARMA_BLANCA,HURTO,HURTO ABIGEATO,1,0
SANTANDER,MATANZA,2017-07-04,2017,7,4,3,2017-07,1,0,MASCULINO,0,ADULTOS,ADULTO,ARMA BLANCA / CORTOPUNZANTE,ARMA_BLANCA,HURTO,HURTO ABIGEATO,1,0
SANTANDER,GIRÓN,2017-06-23,2017,6,23,2,2017-06,4,0,MASCULINO,0,ADULTOS,ADULTO,ARMA BLANCA / CORTOPUNZANTE,ARMA_BLANCA,HURTO,HURTO ABIGEATO,1,1
SANTANDER,SAN JOSÉ DE MIRANDA,2017-07-07,2017,7,7,3,2017-07,4,0,MASCULINO,0,ADULTOS,ADULTO,ARMA BLANCA / CORTOPUNZANTE,ARMA_BLANCA,HURTO,HURTO ABIGEATO,1,0
SANTANDER,SAN GIL,2017-07-06,2017,7,6,3,2017-07,3,0,MASCULINO,0,ADULTOS,ADULTO,ARMA BLANCA / CORTOPUNZANTE,ARMA_BLANCA,HURTO,HURTO ABIGEATO,1,0
SANTANDER,SABANA DE TORRES,2017-07-30,2017,7,30,3,2017-07,6,1,MASCULINO,0,ADULTOS,ADULTO,ARMA BLANCA / CORTOPUNZANTE,ARMA_BLANCA,HURTO,HURTO ABIGEATO,1,0
SANTANDER,BARRANCABERMEJA,2017-08-02,2017,8,2,3,2017-08,2,0,MASCULINO,0,ADULTOS,ADULTO,ARMA BLANCA / CORTOPUNZANTE,ARMA_BLANCA,HURTO,HURTO ABIGEATO,1,0
SANTANDER,PUERTO WILCHES,2017-07-15,2017,7,15,3,2017-07,5,1,MASCULINO,0,ADULTOS,ADULTO,ARMA BLANCA / CORTOPUNZANTE,ARMA_BLANCA,HURTO,HURTO ABIGEATO,1,0
SANTANDER,BARRANCABERMEJA,2016-05-30,2016,5,30,2,2016-05,0,0,MASCULINO,0,ADULTOS,ADULTO,ARMA BLANCA / CORTOPUNZANTE,ARMA_BLANCA,HURTO,HURTO ABIGEATO,1,0
SANTANDER,SABANA DE TORRES,2016-08-11,2016,8,11,3,2016-08,3,0,MASCULINO,0,ADULTOS,ADULTO,ARMA BLANCA / CORTOPUNZANTE,ARMA_BLANCA,HURTO,HURTO ABIGEATO,1,0
SANTANDER,SABANA DE TORRES,2016-10-20,2016,10,20,4,2016-10,3,0,MASCULINO,0,ADULTOS,ADULTO,ARMA BLANCA / CORTOPUNZANTE,ARMA_BLANCA,HURTO,HURTO ABIGEATO,1,0
SANTANDER,BARRANCABERMEJA,2016-10-22,2016,10,22,4,2016-10,5,1,MASCULINO,0,ADULTOS,ADULTO,ARMA BLANCA / CORTOPUNZANTE,ARMA_BLANCA,HURTO,HURTO ABIGEATO,1,0
SANTANDER,BARRANCABERMEJA,2016-08-14,2016,8,14,3,2016-08,6,1,MASCULINO,0,ADULTOS,ADULTO,ARMA BLANCA / CORTOPUNZANTE,ARMA_BLANCA,HURTO,HURTO ABIGEATO,1,0
SANTANDER,BARRANCABERMEJA,2016-10-22,2016,10,22,4,2016-10,5,1,MASCULINO,0,ADULTOS,ADULTO,ARMA BLANCA / CORTOPUNZANTE,ARMA_BLANCA,HURTO,HURTO ABIGEATO,1,0
SANTANDER,BARRANCABERMEJA,2016-09-04,2016,9,4,3,2016-09,6,1,MASCULINO,0,ADULTOS,ADULTO,ARMA BLANCA / CORTOPUNZANTE,ARMA_BLANCA,HURTO,HURTO ABIGEATO,1,0
SANTANDER,GAMBITA,2016-09-07,2016,9,7,3,2016-09,2,0,MASCULINO,0,ADULTOS,ADULTO,ARMA BLANCA / CORTOPUNZANTE,ARMA_BLANCA,HURTO,HURTO ABIGEATO,1,0
SANTANDER,PUENTE NACIONAL,2015-02-26,2015,2,26,1,2015-02,3,0,MASCULINO,0,ADULTOS,ADULTO,ARMA BLANCA / CORTOPUNZANTE,ARMA_BLANCA,HURTO,HURTO ABIGEATO,1,0
SANTANDER,BARRANCABERMEJA,2015-06-25,2015,6,25,2,2015-06,3,0,MASCULINO,0,ADULTOS,ADULTO,ARMA BLANCA / CORTOPUNZANTE,ARMA_BLANCA,HURTO,HURTO ABIGEATO,1,0
SANTANDER,BARRANCABERMEJA,2015-06-14,2015,6,14,2,2015-06,6,1,MASCULINO,0,ADULTOS,ADULTO,ARMA BLANCA / CORTOPUNZANTE,ARMA_BLANCA,HURTO,HURTO ABIGEATO,1,0
SANTANDER,VÉLEZ,2015-10-27,2015,10,27,4,2015-10,1,0,FEMENINO,1,ADULTOS,ADULTO,ARMA BLANCA / CORTOPUNZANTE,ARMA_BLANCA,HURTO,HURTO ABIGEATO,1,0
SANTANDER,PUERTO PARRA,2015-12-30,2015,12,30,4,2015-12,2,0,MASCULINO,0,ADULTOS,ADULTO,ARMA BLANCA / CORTOPUNZANTE,ARMA_BLANCA,HURTO,HURTO ABIGEATO,1,0
SANTANDER,BARRANCABERMEJA,2014-01-05,2014,1,5,1,2014-01,6,1,MASCULINO,0,ADULTOS,ADULTO,ARMA BLANCA / CORTOPUNZANTE,ARMA_BLANCA,HURTO,HURTO ABIGEATO,1,0
SANTANDER,PUENTE NACIONAL,2014-03-01,2014,3,1,1,2014-03,5,1,MASCULINO,0,ADULTOS,ADULTO,ARMA BLANCA / CORTOPUNZANTE,ARMA_BLANCA,HURTO,HURTO ABIGEATO,1,0
SANTANDER,RIONEGRO,2011-10-10,2011,10,10,4,2011-10,0,0,MASCULINO,0,ADULTOS,ADULTO,ARMA BLANCA / CORTOPUNZANTE,ARMA_BLANCA,HURTO,HURTO ABIGEATO,1,0
SANTANDER,BARBOSA,2013-10-30,2013,10,30,4,2013-10,2,0,FEMENINO,1,ADULTOS,ADULTO,ARMA BLANCA / CORTOPUNZANTE,ARMA_BLANCA,HURTO,HURTO ABIGEATO,1,0
SANTANDER,PUENTE NACIONAL,2011-08-08,2011,8,8,3,2011-08,0,0,MASCULINO,0,ADULTOS,ADULTO,ARMA BLANCA / CORTOPUNZANTE,ARMA_BLANCA,HURTO,HURTO ABIGEATO,1,0
SANTANDER,PUERTO WILCHES,2011-06-09,2011,6,9,2,2011-06,3,0,MASCULINO,0,ADULTOS,ADULTO,ARMA BLANCA / CORTOPUNZANTE,ARMA_BLANCA,HURTO,HURTO ABIGEATO,1,0
SANTANDER,LANDÁZURI,2011-10-15,2011,10,15,4,2011-10,5,1,MASCULINO,0,ADULTOS,ADULTO,ARMA BLANCA / CORTOPUNZANTE,ARMA_BLANCA,HURTO,HURTO ABIGEATO,1,0
SANTANDER,RIONEGRO,2010-02-20,2010,2,20,1,2010-02,5,1,FEMENINO,1,ADULTOS,ADULTO,ARMA BLANCA / CORTOPUNZANTE,ARMA_BLANCA,HURTO,HURTO ABIGEATO,1,0
SANTANDER,BUCARAMANGA (CT),2010-06-07,2010,6,7,2,2010-06,0,0,MASCULINO,0,ADULTOS,ADULTO,ARMA BLANCA / CORTOPUNZANTE,ARMA_BLANCA,HURTO,HURTO ABIGEATO,1,1
SANTANDER,BARRANCABERMEJA,2010-03-26,2010,3,26,1,2010-03,4,0,MASCULINO,0,ADULTOS,ADULTO,ARMA BLANCA / CORTOPUNZANTE,ARMA_BLANCA,HURTO,HURTO ABIGEATO,1,0
SANTANDER,PIEDECUESTA,2010-07-17,2010,7,17,3,2010-07,5,1,FEMENINO,1,ADULTOS,ADULTO,ARMA BLANCA / CORTOPUNZANTE,ARMA_BLANCA,HURTO,HURTO ABIGEATO,1,1
SANTANDER,LOS SANTOS,2010-06-06,2010,6,6,2,2010-06,6,1,MASCULINO,0,ADULTOS,ADULTO,ARMA BLANCA / CORTOPUNZANTE,ARMA_BLANCA,HURTO,HURTO ABIGEATO,1,0
SANTANDER,BUCARAMANGA (CT),2010-09-28,2010,9,28,3,2010-09,1,0,MASCULINO,0,ADULTOS,ADULTO,ARMA BLANCA / CORTOPUNZANTE,ARMA_BLANCA,HURTO,HURTO ABIGEATO,1,1
SANTANDER,LEBRIJA,2011-04-13,2011,4,13,2,2011-04,2,0,MASCULINO,0,ADULTOS,ADULTO,ARMA BLANCA / CORTOPUNZANTE,ARMA_BLANCA,HURTO,HURTO ABIGEATO,1,1
SANTANDER,PALMAS DEL SOCORRO,2019-06-13,2019,6,13,2,2019-06,3,0,MASCULINO,0,ADULTOS,ADULTO,ARMA BLANCA / CORTOPUNZANTE,ARMA_BLANCA,HURTO,HURTO PIRATERÍA TERRESTRE,1,0
SANTANDER,LEBRIJA,2017-08-26,2017,8,26,3,2017-08,5,1,MASCULINO,0,ADULTOS,ADULTO,ARMA BLANCA / CORTOPUNZANTE,ARMA_BLANCA,HURTO,HURTO PIRATERÍA TERRESTRE,1,1
SANTANDER,ZAPATOCA,2017-11-25,2017,11,25,4,2017-11,5,1,,-1,ADULTOS,ADULTO,ARMA BLANCA / CORTOPUNZANTE,ARMA_BLANCA,HURTO,HURTO PIRATERÍA TERRESTRE,1,0
SANTANDER,BUCARAMANGA (CT),2010-11-18,2010,11,18,4,2010-11,3,0,MASCULINO,0,ADULTOS,ADULTO,ARMA BLANCA / CORTOPUNZANTE,ARMA_BLANCA,HURTO,HURTO PIRATERÍA TERRESTRE,1,1
SANTANDER,SABANA DE TORRES,2023-12-11,2023,12,11,4,2023-12,0,0,MASCULINO,0,ADULTOS,ADULTO,ARMA DE FUEGO,ARMA_DE_FUEGO,HURTO,HURTO ABIGEATO,1,0
SANTANDER,PUENTE NACIONAL,2023-07-02,2023,7,2,3,2023-07,6,1,MASCULINO,0,ADULTOS,ADULTO,ARMA DE FUEGO,ARMA_DE_FUEGO,HURTO,HURTO ABIGEATO,1,0
SANTANDER,PUERTO WILCHES,2024-04-11,2024,4,11,2,2024-04,3,0,MASCULINO,0,ADULTOS,ADULTO,ARMA DE FUEGO,ARMA_DE_FUEGO,HURTO,HURTO ABIGEATO,1,0
SANTANDER,PUERTO WILCHES,2022-08-10,2022,8,10,3,2022-08,2,0,MASCULINO,0,ADULTOS,ADULTO,ARMA DE FUEGO,ARMA_DE_FUEGO,HURTO,HURTO ABIGEATO,1,0
SANTANDER,SURATÁ,2020-04-25,2020,4,25,2,2020-04,5,1,MASCULINO,0,ADULTOS,ADULTO,ARMA DE FUEGO,ARMA_DE_FUEGO,HURTO,HURTO ABIGEATO,1,0
SANTANDER,SABANA DE TORRES,2018-08-18,2018,8,18,3,2018-08,5,1,MASCULINO,0,ADULTOS,ADULTO,ARMA DE FUEGO,ARMA_DE_FUEGO,HURTO,HURTO ABIGEATO,1,0
SANTANDER,CIMITARRA,2018-03-11,2018,3,11,1,2018-03,6,1,MASCULINO,0,ADULTOS,ADULTO,ARMA DE FUEGO,ARMA_DE_FUEGO,HURTO,HURTO ABIGEATO,1,0
SANTANDER,SAN VICENTE DE CHUCURÍ,2018-02-15,2018,2,15,1,2018-02,3,0,MASCULINO,0,ADULTOS,ADULTO,ARMA DE FUEGO,ARMA_DE_FUEGO,HURTO,HURTO ABIGEATO,1,0
SANTANDER,PUERTO WILCHES,2017-06-03,2017,6,3,2,2017-06,5,1,MASCULINO,0,ADULTOS,ADULTO,ARMA DE FUEGO,ARMA_DE_FUEGO,HURTO,HURTO ABIGEATO,1,0
SANTANDER,VÉLEZ,2017-04-26,2017,4,26,2,2017-04,2,0,MASCULINO,0,ADULTOS,ADULTO,ARMA DE FUEGO,ARMA_DE_FUEGO,HURTO,HURTO ABIGEATO,1,0
SANTANDER,BARRANCABERMEJA,2016-06-03,2016,6,3,2,2016-06,4,0,MASCULINO,0,ADULTOS,ADULTO,ARMA DE FUEGO,ARMA_DE_FUEGO,HURTO,HURTO ABIGEATO,1,0
SANTANDER,RIONEGRO,2016-10-28,2016,10,28,4,2016-10,4,0,MASCULINO,0,ADULTOS,ADULTO,ARMA DE FUEGO,ARMA_DE_FUEGO,HURTO,HURTO ABIGEATO,1,0
SANTANDER,SAN VICENTE DE CHUCURÍ,2016-12-12,2016,12,12,4,2016-12,0,0,FEMENINO,1,ADULTOS,ADULTO,ARMA DE FUEGO,ARMA_DE_FUEGO,HURTO,HURTO ABIGEATO,1,0
SANTANDER,PUERTO WILCHES,2015-09-02,2015,9,2,3,2015-09,2,0,MASCULINO,0,ADULTOS,ADULTO,ARMA DE FUEGO,ARMA_DE_FUEGO,HURTO,HURTO ABIGEATO,1,0
SANTANDER,RIONEGRO,2015-11-11,2015,11,11,4,2015-11,2,0,MASCULINO,0,ADULTOS,ADULTO,ARMA DE FUEGO,ARMA_DE_FUEGO,HURTO,HURTO ABIGEATO,1,0
SANTANDER,SIMACOTA,2015-12-20,2015,12,20,4,2015-12,6,1,FEMENINO,1,ADULTOS,ADULTO,ARMA DE FUEGO,ARMA_DE_FUEGO,HURTO,HURTO ABIGEATO,1,0
SANTANDER,SIMACOTA,2014-10-13,2014,10,13,4,2014-10,0,0,MASCULINO,0,ADULTOS,ADULTO,ARMA DE FUEGO,ARMA_DE_FUEGO,HURTO,HURTO ABIGEATO,1,0
SANTANDER,SAN VICENTE DE CHUCURÍ,2013-02-04,2013,2,4,1,2013-02,0,0,MASCULINO,0,ADULTOS,ADULTO,ARMA DE FUEGO,ARMA_DE_FUEGO,HURTO,HURTO ABIGEATO,1,0
SANTANDER,SABANA DE TORRES,2010-03-05,2010,3,5,1,2010-03,4,0,MASCULINO,0,ADULTOS,ADULTO,ARMA DE FUEGO,ARMA_DE_FUEGO,HURTO,HURTO ABIGEATO,1,0
SANTANDER,PUENTE NACIONAL,2010-01-07,2010,1,7,1,2010-01,3,0,MASCULINO,0,ADULTOS,ADULTO,ARMA DE FUEGO,ARMA_DE_FUEGO,HURTO,HURTO ABIGEATO,1,0
SANTANDER,SABANA DE TORRES,2010-02-11,2010,2,11,1,2010-02,3,0,MASCULINO,0,ADULTOS,ADULTO,ARMA DE FUEGO,ARMA_DE_FUEGO,HURTO,HURTO ABIGEATO,1,0
SANTANDER,SABANA DE TORRES,2010-02-10,2010,2,10,1,2010-02,2,0,MASCULINO,0,ADULTOS,ADULTO,ARMA DE FUEGO,ARMA_DE_FUEGO,HURTO,HURTO ABIGEATO,1,0
SANTANDER,PUERTO PARRA,2010-04-12,2010,4,12,2,2010-04,0,0,MASCULINO,0,ADULTOS,ADULTO,ARMA DE FUEGO,ARMA_DE_FUEGO,HURTO,HURTO ABIGEATO,1,0
SANTANDER,PUERTO WILCHES,2010-06-14,2010,6,14,2,2010-06,0,0,MASCULINO,0,ADULTOS,ADULTO,ARMA DE FUEGO,ARMA_DE_FUEGO,HURTO,HURTO ABIGEATO,1,0
SANTANDER,GAMBITA,2010-08-16,2010,8,16,3,2010-08,0,0,MASCULINO,0,ADULTOS,ADULTO,ARMA DE FUEGO,ARMA_DE_FUEGO,HURTO,HURTO ABIGEATO,1,0
SANTANDER,SUAITA,2010-08-16,2010,8,16,3,2010-08,0,0,MASCULINO,0,ADULTOS,ADULTO,ARMA DE FUEGO,ARMA_DE_FUEGO,HURTO,HURTO ABIGEATO,1,0
SANTANDER,SABANA DE TORRES,2019-02-27,2019,2,27,1,2019-02,2,0,MASCULINO,0,ADULTOS,ADULTO,ARMA DE FUEGO,ARMA_DE_FUEGO,HURTO,HURTO PIRATERÍA TERRESTRE,1,0
SANTANDER,SUCRE,2019-04-29,2019,4,29,2,2019-04,0,0,MASCULINO,0,ADULTOS,ADULTO,ARMA DE FUEGO,ARMA_DE_FUEGO,HURTO,HURTO PIRATERÍA TERRESTRE,1,0
SANTANDER,SABANA DE TORRES,2019-08-29,2019,8,29,3,2019-08,3,0,MASCULINO,0,ADULTOS,ADULTO,ARMA DE FUEGO,ARMA_DE_FUEGO,HURTO,HURTO PIRATERÍA TERRESTRE,1,0
SANTANDER,PIEDECUESTA,2019-11-10,2019,11,10,4,2019-11,6,1,MASCULINO,0,ADULTOS,ADULTO,ARMA DE FUEGO,ARMA_DE_FUEGO,HURTO,HURTO PIRATERÍA TERRESTRE,1,1
SANTANDER,CIMITARRA,2019-11-12,2019,11,12,4,2019-11,1,0,MASCULINO,0,ADULTOS,ADULTO,ARMA DE FUEGO,ARMA_DE_FUEGO,HURTO,HURTO PIRATERÍA TERRESTRE,1,0
SANTANDER,BUCARAMANGA (CT),2021-02-13,2021,2,13,1,2021-02,5,1,,-1,ADULTOS,ADULTO,ARMA DE FUEGO,ARMA_DE_FUEGO,HURTO,HURTO PIRATERÍA TERRESTRE,1,1
SANTANDER,RIONEGRO,2021-11-19,2021,11,19,4,2021-11,4,0,MASCULINO,0,ADULTOS,ADULTO,ARMA DE FUEGO,ARMA_DE_FUEGO,HURTO,HURTO PIRATERÍA TERRESTRE,1,0
SANTANDER,BARRANCABERMEJA,2021-12-09,2021,12,9,4,2021-12,3,0,,-1,,NO_REPORTADO,ARMA DE FUEGO,ARMA_DE_FUEGO,HURTO,HURTO PIRATERÍA TERRESTRE,1,0
SANTANDER,GIRÓN,2023-05-02,2023,5,2,2,2023-05,1,0,MASCULINO,0,ADULTOS,ADULTO,ARMA DE FUEGO,ARMA_DE_FUEGO,HURTO,HURTO PIRATERÍA TERRESTRE,1,1
SANTANDER,BUCARAMANGA (CT),2024-05-17,2024,5,17,2,2024-05,4,0,,-1,ADULTOS,ADULTO,ARMA DE FUEGO,ARMA_DE_FUEGO,HURTO,HURTO PIRATERÍA TERRESTRE,1,1
SANTANDER,BUCARAMANGA (CT),2025-03-04,2025,3,4,1,2025-03,1,0,,-1,ADULTOS,ADULTO,ARMA DE FUEGO,ARMA_DE_FUEGO,HURTO,HURTO PIRATERÍA TERRESTRE,1,1
SANTANDER,PIEDECUESTA,2014-10-01,2014,10,1,4,2014-10,2,0,MASCULINO,0,ADULTOS,ADULTO,ARMA DE FUEGO,ARMA_DE_FUEGO,HURTO,HURTO PIRATERÍA TERRESTRE,1,1
SANTANDER,SABANA DE TORRES,2014-10-12,2014,10,12,4,2014-10,6,1,,-1,ADULTOS,ADULTO,ARMA DE FUEGO,ARMA_DE_FUEGO,HURTO,HURTO PIRATERÍA TERRESTRE,1,0
SANTANDER,BARRANCABERMEJA,2014-10-17,2014,10,17,4,2014-10,4,0,MASCULINO,0,ADULTOS,ADULTO,ARMA DE FUEGO,ARMA_DE_FUEGO,HURTO,HURTO PIRATERÍA TERRESTRE,1,0
SANTANDER,BARRANCABERMEJA,2014-12-03,2014,12,3,4,2014-12,2,0,MASCULINO,0,ADULTOS,ADULTO,ARMA DE FUEGO,ARMA_DE_FUEGO,HURTO,HURTO PIRATERÍA TERRESTRE,1,0
SANTANDER,SABANA DE TORRES,2014-10-07,2014,10,7,4,2014-10,1,0,MASCULINO,0,ADULTOS,ADULTO,ARMA DE FUEGO,ARMA_DE_FUEGO,HURTO,HURTO PIRATERÍA TERRESTRE,1,0
SANTANDER,PIEDECUESTA,2015-01-19,2015,1,19,1,2015-01,0,0,FEMENINO,1,ADULTOS,ADULTO,ARMA DE FUEGO,ARMA_DE_FUEGO,HURTO,HURTO PIRATERÍA TERRESTRE,1,1
SANTANDER,FLORIDABLANCA,2015-04-21,2015,4,21,2,2015-04,1,0,MASCULINO,0,ADULTOS,ADULTO,ARMA DE FUEGO,ARMA_DE_FUEGO,HURTO,HURTO PIRATERÍA TERRESTRE,1,1
SANTANDER,TONA,2015-04-07,2015,4,7,2,2015-04,1,0,,-1,ADULTOS,ADULTO,ARMA DE FUEGO,ARMA_DE_FUEGO,HURTO,HURTO PIRATERÍA TERRESTRE,1,0
SANTANDER,SABANA DE TORRES,2010-06-04,2010,6,4,2,2010-06,4,0,,-1,ADULTOS,ADULTO,ARMA DE FUEGO,ARMA_DE_FUEGO,HURTO,HURTO PIRATERÍA TERRESTRE,1,0
SANTANDER,CIMITARRA,2015-06-11,2015,6,11,2,2015-06,3,0,MASCULINO,0,ADULTOS,ADULTO,ARMA DE FUEGO,ARMA_DE_FUEGO,HURTO,HURTO PIRATERÍA TERRESTRE,1,0
SANTANDER,PIEDECUESTA,2016-02-17,2016,2,17,1,2016-02,2,0,MASCULINO,0,ADULTOS,ADULTO,ARMA DE FUEGO,ARMA_DE_FUEGO,HURTO,HURTO PIRATERÍA TERRESTRE,1,1
SANTANDER,BETULIA,2016-03-03,2016,3,3,1,2016-03,3,0,MASCULINO,0,ADULTOS,ADULTO,ARMA DE FUEGO,ARMA_DE_FUEGO,HURTO,HURTO PIRATERÍA TERRESTRE,1,0
SANTANDER,BETULIA,2016-06-26,2016,6,26,2,2016-06,6,1,,-1,ADULTOS,ADULTO,ARMA DE FUEGO,ARMA_DE_FUEGO,HURTO,HURTO PIRATERÍA TERRESTRE,1,0
SANTANDER,FLORIDABLANCA,2016-11-18,2016,11,18,4,2016-11,4,0,MASCULINO,0,ADULTOS,ADULTO,ARMA DE FUEGO,ARMA_DE_FUEGO,HURTO,HURTO PIRATERÍA TERRESTRE,1,1
SANTANDER,GIRÓN,2016-12-09,2016,12,9,4,2016-12,4,0,,-1,,NO_REPORTADO,ARMA DE FUEGO,ARMA_DE_FUEGO,HURTO,HURTO PIRATERÍA TERRESTRE,1,1
SANTANDER,SABANA DE TORRES,2016-12-29,2016,12,29,4,2016-12,3,0,MASCULINO,0,ADULTOS,ADULTO,ARMA DE FUEGO,ARMA_DE_FUEGO,HURTO,HURTO PIRATERÍA TERRESTRE,1,0
SANTANDER,BARRANCABERMEJA,2017-02-26,2017,2,26,1,2017-02,6,1,MASCULINO,0,ADULTOS,ADULTO,ARMA DE FUEGO,ARMA_DE_FUEGO,HURTO,HURTO PIRATERÍA TERRESTRE,1,0
SANTANDER,CURITÍ,2017-04-14,2017,4,14,2,2017-04,4,0,MASCULINO,0,ADULTOS,ADULTO,ARMA DE FUEGO,ARMA_DE_FUEGO,HURTO,HURTO PIRATERÍA TERRESTRE,1,0
SANTANDER,PUERTO WILCHES,2017-04-05,2017,4,5,2,2017-04,2,0,MASCULINO,0,ADULTOS,ADULTO,ARMA DE FUEGO,ARMA_DE_FUEGO,HURTO,HURTO PIRATERÍA TERRESTRE,1,0
SANTANDER,CIMITARRA,2017-05-04,2017,5,4,2,2017-05,3,0,,-1,ADULTOS,ADULTO,ARMA DE FUEGO,ARMA_DE_FUEGO,HURTO,HURTO PIRATERÍA TERRESTRE,1,0
SANTANDER,BARRANCABERMEJA,2017-06-28,2017,6,28,2,2017-06,2,0,MASCULINO,0,ADULTOS,ADULTO,ARMA DE FUEGO,ARMA_DE_FUEGO,HURTO,HURTO PIRATERÍA TERRESTRE,1,0
SANTANDER,BARRANCABERMEJA,2017-10-20,2017,10,20,4,2017-10,4,0,,-1,ADULTOS,ADULTO,ARMA DE FUEGO,ARMA_DE_FUEGO,HURTO,HURTO PIRATERÍA TERRESTRE,1,0
SANTANDER,PUENTE NACIONAL,2017-12-11,2017,12,11,4,2017-12,0,0,MASCULINO,0,ADULTOS,ADULTO,ARMA DE FUEGO,ARMA_DE_FUEGO,HURTO,HURTO PIRATERÍA TERRESTRE,1,0
SANTANDER,LEBRIJA,2018-01-27,2018,1,27,1,2018-01,5,1,MASCULINO,0,ADULTOS,ADULTO,ARMA DE FUEGO,ARMA_DE_FUEGO,HURTO,HURTO PIRATERÍA TERRESTRE,1,1
SANTANDER,CIMITARRA,2018-03-04,2018,3,4,1,2018-03,6,1,,-1,ADULTOS,ADULTO,ARMA DE FUEGO,ARMA_DE_FUEGO,HURTO,HURTO PIRATERÍA TERRESTRE,1,0
SANTANDER,BUCARAMANGA (CT),2017-06-15,2017,6,15,2,2017-06,3,0,,-1,,NO_REPORTADO,ARMA DE FUEGO,ARMA_DE_FUEGO,HURTO,HURTO PIRATERÍA TERRESTRE,1,1
SANTANDER,BUCARAMANGA (CT),2017-05-13,2017,5,13,2,2017-05,5,1,,-1,ADULTOS,ADULTO,ARMA DE FUEGO,ARMA_DE_FUEGO,HURTO,HURTO PIRATERÍA TERRESTRE,1,1
SANTANDER,BARRANCABERMEJA,2017-05-18,2017,5,18,2,2017-05,3,0,,-1,ADULTOS,ADULTO,ARMA DE FUEGO,ARMA_DE_FUEGO,HURTO,HURTO PIRATERÍA TERRESTRE,1,0
SANTANDER,GIRÓN,2017-05-02,2017,5,2,2,2017-05,1,0,,-1,ADULTOS,ADULTO,ARMA DE FUEGO,ARMA_DE_FUEGO,HURTO,HURTO PIRATERÍA TERRESTRE,1,1
SANTANDER,CIMITARRA,2018-04-27,2018,4,27,2,2018-04,4,0,MASCULINO,0,ADULTOS,ADULTO,ARMA DE FUEGO,ARMA_DE_FUEGO,HURTO,HURTO PIRATERÍA TERRESTRE,1,0
SANTANDER,CIMITARRA,2018-07-12,2018,7,12,3,2018-07,3,0,MASCULINO,0,ADULTOS,ADULTO,ARMA DE FUEGO,ARMA_DE_FUEGO,HURTO,HURTO PIRATERÍA TERRESTRE,1,0
SANTANDER,PUERTO WILCHES,2018-06-07,2018,6,7,2,2018-06,3,0,MASCULINO,0,ADULTOS,ADULTO,ARMA DE FUEGO,ARMA_DE_FUEGO,HURTO,HURTO PIRATERÍA TERRESTRE,1,0
SANTANDER,CURITÍ,2018-10-18,2018,10,18,4,2018-10,3,0,MASCULINO,0,ADULTOS,ADULTO,ARMA DE FUEGO,ARMA_DE_FUEGO,HURTO,HURTO PIRATERÍA TERRESTRE,1,0
SANTANDER,CIMITARRA,2018-11-16,2018,11,16,4,2018-11,4,0,MASCULINO,0,ADULTOS,ADULTO,ARMA DE FUEGO,ARMA_DE_FUEGO,HURTO,HURTO PIRATERÍA TERRESTRE,1,0
SANTANDER,PIEDECUESTA,2010-01-30,2010,1,30,1,2010-01,5,1,,-1,ADULTOS,ADULTO,ARMA DE FUEGO,ARMA_DE_FUEGO,HURTO,HURTO PIRATERÍA TERRESTRE,1,1
SANTANDER,PIEDECUESTA,2010-01-03,2010,1,3,1,2010-01,6,1,,-1,,NO_REPORTADO,ARMA DE FUEGO,ARMA_DE_FUEGO,HURTO,HURTO PIRATERÍA TERRESTRE,1,1
SANTANDER,BUCARAMANGA (CT),2010-03-01,2010,3,1,1,2010-03,0,0,MASCULINO,0,ADULTOS,ADULTO,ARMA DE FUEGO,ARMA_DE_FUEGO,HURTO,HURTO PIRATERÍA TERRESTRE,1,1
SANTANDER,PUENTE NACIONAL,2010-02-10,2010,2,10,1,2010-02,2,0,MASCULINO,0,ADULTOS,ADULTO,ARMA DE FUEGO,ARMA_DE_FUEGO,HURTO,HURTO PIRATERÍA TERRESTRE,1,0
SANTANDER,BARBOSA,2010-04-27,2010,4,27,2,2010-04,1,0,,-1,ADULTOS,ADULTO,ARMA DE FUEGO,ARMA_DE_FUEGO,HURTO,HURTO PIRATERÍA TERRESTRE,1,0
SANTANDER,BARRANCABERMEJA,2010-05-03,2010,5,3,2,2010-05,0,0,,-1,,NO_REPORTADO,ARMA DE FUEGO,ARMA_DE_FUEGO,HURTO,HURTO PIRATERÍA TERRESTRE,1,0
SANTANDER,PUENTE NACIONAL,2010-02-21,2010,2,21,1,2010-02,6,1,MASCULINO,0,ADULTOS,ADULTO,ARMA DE FUEGO,ARMA_DE_FUEGO,HURTO,HURTO PIRATERÍA TERRESTRE,1,0
SANTANDER,RIONEGRO,2010-02-15,2010,2,15,1,2010-02,0,0,MASCULINO,0,ADULTOS,ADULTO,ARMA DE FUEGO,ARMA_DE_FUEGO,HURTO,HURTO PIRATERÍA TERRESTRE,1,0
SANTANDER,CIMITARRA,2010-05-19,2010,5,19,2,2010-05,2,0,,-1,,NO_REPORTADO,ARMA DE FUEGO,ARMA_DE_FUEGO,HURTO,HURTO PIRATERÍA TERRESTRE,1,0
SANTANDER,RIONEGRO,2010-06-18,2010,6,18,2,2010-06,4,0,MASCULINO,0,ADULTOS,ADULTO,ARMA DE FUEGO,ARMA_DE_FUEGO,HURTO,HURTO PIRATERÍA TERRESTRE,1,0
SANTANDER,PIEDECUESTA,2010-09-03,2010,9,3,3,2010-09,4,0,,-1,ADULTOS,ADULTO,ARMA DE FUEGO,ARMA_DE_FUEGO,HURTO,HURTO PIRATERÍA TERRESTRE,1,1
SANTANDER,PUENTE NACIONAL,2010-08-27,2010,8,27,3,2010-08,4,0,,-1,ADULTOS,ADULTO,ARMA DE FUEGO,ARMA_DE_FUEGO,HURTO,HURTO PIRATERÍA TERRESTRE,1,0
SANTANDER,GÜEPSA,2010-08-12,2010,8,12,3,2010-08,3,0,MASCULINO,0,ADULTOS,ADULTO,ARMA DE FUEGO,ARMA_DE_FUEGO,HURTO,HURTO PIRATERÍA TERRESTRE,1,0
SANTANDER,LEBRIJA,2010-11-05,2010,11,5,4,2010-11,4,0,,-1,ADULTOS,ADULTO,ARMA DE FUEGO,ARMA_DE_FUEGO,HURTO,HURTO PIRATERÍA TERRESTRE,1,1
SANTANDER,LEBRIJA,2010-11-05,2010,11,5,4,2010-11,4,0,MASCULINO,0,ADULTOS,ADULTO,ARMA DE FUEGO,ARMA_DE_FUEGO,HURTO,HURTO PIRATERÍA TERRESTRE,1,1
SANTANDER,LEBRIJA,2010-09-28,2010,9,28,3,2010-09,1,0,MASCULINO,0,ADULTOS,ADULTO,ARMA DE FUEGO,ARMA_DE_FUEGO,HURTO,HURTO PIRATERÍA TERRESTRE,1,1
SANTANDER,BUCARAMANGA (CT),2010-10-10,2010,10,10,4,2010-10,6,1,,-1,ADULTOS,ADULTO,ARMA DE FUEGO,ARMA_DE_FUEGO,HURTO,HURTO PIRATERÍA TERRESTRE,1,1
SANTANDER,PUERTO WILCHES,2010-12-30,2010,12,30,4,2010-12,3,0,,-1,,NO_REPORTADO,ARMA DE FUEGO,ARMA_DE_FUEGO,HURTO,HURTO PIRATERÍA TERRESTRE,1,0
SANTANDER,BARRANCABERMEJA,2011-01-06,2011,1,6,1,2011-01,3,0,MASCULINO,0,ADULTOS,ADULTO,ARMA DE FUEGO,ARMA_DE_FUEGO,HURTO,HURTO PIRATERÍA TERRESTRE,1,0
SANTANDER,PIEDECUESTA,2011-03-03,2011,3,3,1,2011-03,3,0,MASCULINO,0,ADULTOS,ADULTO,ARMA DE FUEGO,ARMA_DE_FUEGO,HURTO,HURTO PIRATERÍA TERRESTRE,1,1
SANTANDER,BUCARAMANGA (CT),2011-08-16,2011,8,16,3,2011-08,1,0,,-1,ADULTOS,ADULTO,ARMA DE FUEGO,ARMA_DE_FUEGO,HURTO,HURTO PIRATERÍA TERRESTRE,1,1
SANTANDER,PUENTE NACIONAL,2011-08-26,2011,8,26,3,2011-08,4,0,MASCULINO,0,ADULTOS,ADULTO,ARMA DE FUEGO,ARMA_DE_FUEGO,HURTO,HURTO PIRATERÍA TERRESTRE,1,0
SANTANDER,LEBRIJA,2011-08-31,2011,8,31,3,2011-08,2,0,,-1,,NO_REPORTADO,ARMA DE FUEGO,ARMA_DE_FUEGO,HURTO,HURTO PIRATERÍA TERRESTRE,1,1
SANTANDER,PUENTE NACIONAL,2011-07-12,2011,7,12,3,2011-07,1,0,MASCULINO,0,ADULTOS,ADULTO,ARMA DE FUEGO,ARMA_DE_FUEGO,HURTO,HURTO PIRATERÍA TERRESTRE,1,0
SANTANDER,PUENTE NACIONAL,2011-06-16,2011,6,16,2,2011-06,3,0,MASCULINO,0,ADULTOS,ADULTO,ARMA DE FUEGO,ARMA_DE_FUEGO,HURTO,HURTO PIRATERÍA TERRESTRE,1,0
SANTANDER,BUCARAMANGA (CT),2011-06-16,2011,6,16,2,2011-06,3,0,MASCULINO,0,ADULTOS,ADULTO,ARMA DE FUEGO,ARMA_DE_FUEGO,HURTO,HURTO PIRATERÍA TERRESTRE,1,1
SANTANDER,CIMITARRA,2011-02-26,2011,2,26,1,2011-02,5,1,MASCULINO,0,ADULTOS,ADULTO,ARMA DE FUEGO,ARMA_DE_FUEGO,HURTO,HURTO PIRATERÍA TERRESTRE,1,0
SANTANDER,CIMITARRA,2011-03-17,2011,3,17,1,2011-03,3,0,MASCULINO,0,ADULTOS,ADULTO,ARMA DE FUEGO,ARMA_DE_FUEGO,HURTO,HURTO PIRATERÍA TERRESTRE,1,0
SANTANDER,BARBOSA,2011-11-19,2011,11,19,4,2011-11,5,1,MASCULINO,0,ADULTOS,ADULTO,ARMA DE FUEGO,ARMA_DE_FUEGO,HURTO,HURTO PIRATERÍA TERRESTRE,1,0
SANTANDER,BARRANCABERMEJA,2011-11-24,2011,11,24,4,2011-11,3,0,,-1,,NO_REPORTADO,ARMA DE FUEGO,ARMA_DE_FUEGO,HURTO,HURTO PIRATERÍA TERRESTRE,1,0
SANTANDER,CIMITARRA,2012-01-27,2012,1,27,1,2012-01,4,0,MASCULINO,0,ADULTOS,ADULTO,ARMA DE FUEGO,ARMA_DE_FUEGO,HURTO,HURTO PIRATERÍA TERRESTRE,1,0
SANTANDER,VÉLEZ,2012-03-20,2012,3,20,1,2012-03,1,0,MASCULINO,0,ADULTOS,ADULTO,ARMA DE FUEGO,ARMA_DE_FUEGO,HURTO,HURTO PIRATERÍA TERRESTRE,1,0
SANTANDER,GÜEPSA,2012-05-09,2012,5,9,2,2012-05,2,0,MASCULINO,0,ADULTOS,ADULTO,ARMA DE FUEGO,ARMA_DE_FUEGO,HURTO,HURTO PIRATERÍA TERRESTRE,1,0
SANTANDER,GÜEPSA,2012-07-26,2012,7,26,3,2012-07,3,0,MASCULINO,0,ADULTOS,ADULTO,ARMA DE FUEGO,ARMA_DE_FUEGO,HURTO,HURTO PIRATERÍA TERRESTRE,1,0
SANTANDER,PIEDECUESTA,2012-07-21,2012,7,21,3,2012-07,5,1,MASCULINO,0,ADULTOS,ADULTO,ARMA DE FUEGO,ARMA_DE_FUEGO,HURTO,HURTO PIRATERÍA TERRESTRE,1,1
SANTANDER,LEBRIJA,2012-07-16,2012,7,16,3,2012-07,0,0,MASCULINO,0,ADULTOS,ADULTO,ARMA DE FUEGO,ARMA_DE_FUEGO,HURTO,HURTO PIRATERÍA TERRESTRE,1,1
SANTANDER,PUENTE NACIONAL,2012-05-24,2012,5,24,2,2012-05,3,0,MASCULINO,0,ADULTOS,ADULTO,ARMA DE FUEGO,ARMA_DE_FUEGO,HURTO,HURTO PIRATERÍA TERRESTRE,1,0
SANTANDER,BARRANCABERMEJA,2012-11-30,2012,11,30,4,2012-11,4,0,,-1,,NO_REPORTADO,ARMA DE FUEGO,ARMA_DE_FUEGO,HURTO,HURTO PIRATERÍA TERRESTRE,1,0
SANTANDER,BARRANCABERMEJA,2012-05-15,2012,5,15,2,2012-05,1,0,MASCULINO,0,ADULTOS,ADULTO,ARMA DE FUEGO,ARMA_DE_FUEGO,HURTO,HURTO PIRATERÍA TERRESTRE,1,0
SANTANDER,BARRANCABERMEJA,2012-08-01,2012,8,1,3,2012-08,2,0,MASCULINO,0,ADULTOS,ADULTO,ARMA DE FUEGO,ARMA_DE_FUEGO,HURTO,HURTO PIRATERÍA TERRESTRE,1,0
SANTANDER,BARRANCABERMEJA,2012-10-25,2012,10,25,4,2012-10,3,0,,-1,,NO_REPORTADO,ARMA DE FUEGO,ARMA_DE_FUEGO,HURTO,HURTO PIRATERÍA TERRESTRE,1,0
SANTANDER,GIRÓN,2012-11-26,2012,11,26,4,2012-11,0,0,MASCULINO,0,ADULTOS,ADULTO,ARMA DE FUEGO,ARMA_DE_FUEGO,HURTO,HURTO PIRATERÍA TERRESTRE,1,1
SANTANDER,PIEDECUESTA,2011-08-04,2011,8,4,3,2011-08,3,0,MASCULINO,0,ADULTOS,ADULTO,ARMA DE FUEGO,ARMA_DE_FUEGO,HURTO,HURTO PIRATERÍA TERRESTRE,1,1
SANTANDER,LEBRIJA,2013-03-26,2013,3,26,1,2013-03,1,0,MASCULINO,0,ADULTOS,ADULTO,ARMA DE FUEGO,ARMA_DE_FUEGO,HURTO,HURTO PIRATERÍA TERRESTRE,1,1
SANTANDER,PIEDECUESTA,2013-10-17,2013,10,17,4,2013-10,3,0,MASCULINO,0,ADULTOS,ADULTO,ARMA DE FUEGO,ARMA_DE_FUEGO,HURTO,HURTO PIRATERÍA TERRESTRE,1,1
SANTANDER,BUCARAMANGA (CT),2010-02-03,2010,2,3,1,2010-02,2,0,,-1,ADULTOS,ADULTO,ARMA DE FUEGO,ARMA_DE_FUEGO,HURTO,HURTO ENTIDADES FINANCIERAS,1,1
SANTANDER,BARRANCABERMEJA,2010-11-04,2010,11,4,4,2010-11,3,0,,-1,ADULTOS,ADULTO,ARMA DE FUEGO,ARMA_DE_FUEGO,HURTO,HURTO ENTIDADES FINANCIERAS,1,0
SANTANDER,BUCARAMANGA (CT),2012-07-11,2012,7,11,3,2012-07,2,0,,-1,ADULTOS,ADULTO,ARMA DE FUEGO,ARMA_DE_FUEGO,HURTO,HURTO ENTIDADES FINANCIERAS,1,1
SANTANDER,LEBRIJA,2013-04-25,2013,4,25,2,2013-04,3,0,,-1,ADULTOS,ADULTO,ARMA DE FUEGO,ARMA_DE_FUEGO,HURTO,HURTO ENTIDADES FINANCIERAS,1,1
SANTANDER,BUCARAMANGA (CT),2014-08-20,2014,8,20,3,2014-08,2,0,,-1,ADULTOS,ADULTO,ARMA DE FUEGO,ARMA_DE_FUEGO,HURTO,HURTO ENTIDADES FINANCIERAS,1,1
SANTANDER,BUCARAMANGA (CT),2014-09-15,2014,9,15,3,2014-09,0,0,,-1,ADULTOS,ADULTO,ARMA DE FUEGO,ARMA_DE_FUEGO,HURTO,HURTO ENTIDADES FINANCIERAS,1,1
SANTANDER,BUCARAMANGA (CT),2015-03-11,2015,3,11,1,2015-03,2,0,,-1,ADULTOS,ADULTO,ARMA DE FUEGO,ARMA_DE_FUEGO,HURTO,HURTO ENTIDADES FINANCIERAS,1,1
SANTANDER,BUCARAMANGA (CT),2015-03-19,2015,3,19,1,2015-03,3,0,,-1,ADULTOS,ADULTO,ARMA DE FUEGO,ARMA_DE_FUEGO,HURTO,HURTO ENTIDADES FINANCIERAS,1,1
SANTANDER,BARRANCABERMEJA,2015-05-25,2015,5,25,2,2015-05,0,0,,-1,ADULTOS,ADULTO,ARMA DE FUEGO,ARMA_DE_FUEGO,HURTO,HURTO ENTIDADES FINANCIERAS,1,0
SANTANDER,BUCARAMANGA (CT),2016-01-21,2016,1,21,1,2016-01,3,0,,-1,ADULTOS,ADULTO,ARMA DE FUEGO,ARMA_DE_FUEGO,HURTO,HURTO ENTIDADES FINANCIERAS,1,1
SANTANDER,BARRANCABERMEJA,2016-07-30,2016,7,30,3,2016-07,5,1,,-1,ADULTOS,ADULTO,ARMA DE FUEGO,ARMA_DE_FUEGO,HURTO,HURTO ENTIDADES FINANCIERAS,1,0
SANTANDER,BUCARAMANGA (CT),2016-08-18,2016,8,18,3,2016-08,3,0,,-1,ADULTOS,ADULTO,ARMA DE FUEGO,ARMA_DE_FUEGO,HURTO,HURTO ENTIDADES FINANCIERAS,1,1
SANTANDER,BUCARAMANGA (CT),2016-09-21,2016,9,21,3,2016-09,2,0,,-1,ADULTOS,ADULTO,ARMA DE FUEGO,ARMA_DE_FUEGO,HURTO,HURTO ENTIDADES FINANCIERAS,1,1
SANTANDER,BUCARAMANGA (CT),2016-11-25,2016,11,25,4,2016-11,4,0,,-1,ADULTOS,ADULTO,ARMA DE FUEGO,ARMA_DE_FUEGO,HURTO,HURTO ENTIDADES FINANCIERAS,1,1
SANTANDER,BUCARAMANGA (CT),2017-02-01,2017,2,1,1,2017-02,2,0,,-1,ADULTOS,ADULTO,ARMA DE FUEGO,ARMA_DE_FUEGO,HURTO,HURTO ENTIDADES FINANCIERAS,1,1
SANTANDER,BARRANCABERMEJA,2017-02-28,2017,2,28,1,2017-02,1,0,,-1,ADULTOS,ADULTO,ARMA DE FUEGO,ARMA_DE_FUEGO,HURTO,HURTO ENTIDADES FINANCIERAS,1,0
SANTANDER,BARRANCABERMEJA,2017-03-30,2017,3,30,1,2017-03,3,0,,-1,ADULTOS,ADULTO,ARMA DE FUEGO,ARMA_DE_FUEGO,HURTO,HURTO ENTIDADES FINANCIERAS,1,0
SANTANDER,BUCARAMANGA (CT),2017-04-27,2017,4,27,2,2017-04,3,0,,-1,ADULTOS,ADULTO,ARMA DE FUEGO,ARMA_DE_FUEGO,HURTO,HURTO ENTIDADES FINANCIERAS,1,1
SANTANDER,BUCARAMANGA (CT),2017-06-13,2017,6,13,2,2017-06,1,0,,-1,ADULTOS,ADULTO,ARMA DE FUEGO,ARMA_DE_FUEGO,HURTO,HURTO ENTIDADES FINANCIERAS,1,1
SANTANDER,BARRANCABERMEJA,2016-04-05,2016,4,5,2,2016-04,1,0,,-1,ADULTOS,ADULTO,ARMA DE FUEGO,ARMA_DE_FUEGO,HURTO,HURTO ENTIDADES FINANCIERAS,1,0
SANTANDER,BARRANCABERMEJA,2016-07-30,2016,7,30,3,2016-07,5,1,,-1,ADULTOS,ADULTO,ARMA DE FUEGO,ARMA_DE_FUEGO,HURTO,HURTO ENTIDADES FINANCIERAS,1,0
SANTANDER,FLORIDABLANCA,2017-09-14,2017,9,14,3,2017-09,3,0,,-1,ADULTOS,ADULTO,ARMA DE FUEGO,ARMA_DE_FUEGO,HURTO,HURTO ENTIDADES FINANCIERAS,1,1
SANTANDER,BUCARAMANGA (CT),2017-09-20,2017,9,20,3,2017-09,2,0,,-1,ADULTOS,ADULTO,ARMA DE FUEGO,ARMA_DE_FUEGO,HURTO,HURTO ENTIDADES FINANCIERAS,1,1
SANTANDER,PIEDECUESTA,2017-10-19,2017,10,19,4,2017-10,3,0,,-1,ADULTOS,ADULTO,ARMA DE FUEGO,ARMA_DE_FUEGO,HURTO,HURTO ENTIDADES FINANCIERAS,1,1
SANTANDER,BARRANCABERMEJA,2018-02-01,2018,2,1,1,2018-02,3,0,,-1,ADULTOS,ADULTO,ARMA DE FUEGO,ARMA_DE_FUEGO,HURTO,HURTO ENTIDADES FINANCIERAS,1,0
SANTANDER,BARRANCABERMEJA,2017-02-28,2017,2,28,1,2017-02,1,0,,-1,,NO_REPORTADO,ARMA DE FUEGO,ARMA_DE_FUEGO,HURTO,HURTO ENTIDADES FINANCIERAS,1,0
SANTANDER,BARRANCABERMEJA,2018-03-16,2018,3,16,1,2018-03,4,0,,-1,ADULTOS,ADULTO,ARMA DE FUEGO,ARMA_DE_FUEGO,HURTO,HURTO ENTIDADES FINANCIERAS,1,0
SANTANDER,BARRANCABERMEJA,2018-03-23,2018,3,23,1,2018-03,4,0,,-1,ADULTOS,ADULTO,ARMA DE FUEGO,ARMA_DE_FUEGO,HURTO,HURTO ENTIDADES FINANCIERAS,1,0
SANTANDER,FLORIDABLANCA,2018-03-28,2018,3,28,1,2018-03,2,0,,-1,ADULTOS,ADULTO,ARMA DE FUEGO,ARMA_DE_FUEGO,HURTO,HURTO ENTIDADES FINANCIERAS,1,1
SANTANDER,GIRÓN,2018-04-07,2018,4,7,2,2018-04,5,1,,-1,ADULTOS,ADULTO,ARMA DE FUEGO,ARMA_DE_FUEGO,HURTO,HURTO ENTIDADES FINANCIERAS,1,1
SANTANDER,BARRANCABERMEJA,2017-10-27,2017,10,27,4,2017-10,4,0,,-1,ADULTOS,ADULTO,ARMA DE FUEGO,ARMA_DE_FUEGO,HURTO,HURTO ENTIDADES FINANCIERAS,1,0
SANTANDER,BARRANCABERMEJA,2018-04-18,2018,4,18,2,2018-04,2,0,,-1,ADULTOS,ADULTO,ARMA DE FUEGO,ARMA_DE_FUEGO,HURTO,HURTO ENTIDADES FINANCIERAS,1,0
SANTANDER,PUERTO WILCHES,2018-04-23,2018,4,23,2,2018-04,0,0,,-1,ADULTOS,ADULTO,ARMA DE FUEGO,ARMA_DE_FUEGO,HURTO,HURTO ENTIDADES FINANCIERAS,1,0
SANTANDER,BARBOSA,2020-11-12,2020,11,12,4,2020-11,3,0,,-1,ADULTOS,ADULTO,ARMA DE FUEGO,ARMA_DE_FUEGO,HURTO,HURTO ENTIDADES FINANCIERAS,1,0
SANTANDER,BARBOSA,2020-12-16,2020,12,16,4,2020-12,2,0,,-1,,NO_REPORTADO,ARMA DE FUEGO,ARMA_DE_FUEGO,HURTO,HURTO ENTIDADES FINANCIERAS,1,0
SANTANDER,PUERTO WILCHES,2021-09-07,2021,9,7,3,2021-09,1,0,,-1,ADULTOS,ADULTO,ARMA DE FUEGO,ARMA_DE_FUEGO,HURTO,HURTO ENTIDADES FINANCIERAS,1,0
SANTANDER,SABANA DE TORRES,2022-09-05,2022,9,5,3,2022-09,0,0,,-1,,NO_REPORTADO,ARMA DE FUEGO,ARMA_DE_FUEGO,HURTO,HURTO ENTIDADES FINANCIERAS,1,0
SANTANDER,PUERTO WILCHES,2022-11-15,2022,11,15,4,2022-11,1,0,,-1,ADULTOS,ADULTO,ARMA DE FUEGO,ARMA_DE_FUEGO,HURTO,HURTO ENTIDADES FINANCIERAS,1,0
SANTANDER,PUERTO WILCHES,2023-02-13,2023,2,13,1,2023-02,0,0,,-1,ADULTOS,ADULTO,ARMA DE FUEGO,ARMA_DE_FUEGO,HURTO,HURTO ENTIDADES FINANCIERAS,1,0
SANTANDER,BARBOSA,2023-08-29,2023,8,29,3,2023-08,1,0,,-1,ADULTOS,ADULTO,ARMA DE FUEGO,ARMA_DE_FUEGO,HURTO,HURTO ENTIDADES FINANCIERAS,1,0
SANTANDER,BARRANCABERMEJA,2024-09-20,2024,9,20,3,2024-09,4,0,,-1,ADULTOS,ADULTO,ARMA DE FUEGO,ARMA_DE_FUEGO,HURTO,HURTO ENTIDADES FINANCIERAS,1,0
SANTANDER,GIRÓN,2025-01-31,2025,1,31,1,2025-01,4,0,,-1,ADULTOS,ADULTO,ARMA DE FUEGO,ARMA_DE_FUEGO,HURTO,HURTO ENTIDADES FINANCIERAS,1,1
SANTANDER,PIEDECUESTA,2025-05-27,2025,5,27,2,2025-05,1,0,,-1,ADULTOS,ADULTO,ARMA DE FUEGO,ARMA_DE_FUEGO,HURTO,HURTO ENTIDADES FINANCIERAS,1,1
SANTANDER,BARRANCABERMEJA,2025-09-15,2025,9,15,3,2025-09,0,0,,-1,ADULTOS,ADULTO,ARMA DE FUEGO,ARMA_DE_FUEGO,HURTO,HURTO ENTIDADES FINANCIERAS,1,0
SANTANDER,BARRANCABERMEJA,2017-09-02,2017,9,2,3,2017-09,5,1,MASCULINO,0,ADULTOS,ADULTO,CONTUNDENTES,ARMA_CONTUNDENTE,HURTO,HURTO ABIGEATO,1,0
SANTANDER,BARRANCABERMEJA,2017-06-08,2017,6,8,2,2017-06,3,0,MASCULINO,0,ADULTOS,ADULTO,CONTUNDENTES,ARMA_CONTUNDENTE,HURTO,HURTO ABIGEATO,1,0
SANTANDER,SAN VICENTE DE CHUCURÍ,2017-08-08,2017,8,8,3,2017-08,1,0,MASCULINO,0,ADULTOS,ADULTO,CONTUNDENTES,ARMA_CONTUNDENTE,HURTO,HURTO ABIGEATO,1,0
SANTANDER,CIMITARRA,2021-07-17,2021,7,17,3,2021-07,5,1,MASCULINO,0,ADULTOS,ADULTO,CONTUNDENTES,ARMA_CONTUNDENTE,HURTO,HURTO PIRATERÍA TERRESTRE,1,0
SANTANDER,EL PLAYÓN,2021-11-19,2021,11,19,4,2021-11,4,0,MASCULINO,0,ADULTOS,ADULTO,CONTUNDENTES,ARMA_CONTUNDENTE,HURTO,HURTO PIRATERÍA TERRESTRE,1,0
SANTANDER,GIRÓN,2022-01-24,2022,1,24,1,2022-01,0,0,FEMENINO,1,ADULTOS,ADULTO,CONTUNDENTES,ARMA_CONTUNDENTE,HURTO,HURTO PIRATERÍA TERRESTRE,1,1
SANTANDER,RIONEGRO,2022-07-13,2022,7,13,3,2022-07,2,0,MASCULINO,0,ADULTOS,ADULTO,CONTUNDENTES,ARMA_CONTUNDENTE,HURTO,HURTO PIRATERÍA TERRESTRE,1,0
SANTANDER,BUCARAMANGA (CT),2022-11-05,2022,11,5,4,2022-11,5,1,MASCULINO,0,ADULTOS,ADULTO,CONTUNDENTES,ARMA_CONTUNDENTE,HURTO,HURTO PIRATERÍA TERRESTRE,1,1
SANTANDER,CIMITARRA,2017-10-13,2017,10,13,4,2017-10,4,0,,-1,ADULTOS,ADULTO,CONTUNDENTES,ARMA_CONTUNDENTE,HURTO,HURTO PIRATERÍA TERRESTRE,1,0
SANTANDER,BARBOSA,2013-09-21,2013,9,21,3,2013-09,5,1,MASCULINO,0,ADULTOS,ADULTO,CONTUNDENTES,ARMA_CONTUNDENTE,HURTO,HURTO PIRATERÍA TERRESTRE,1,0
SANTANDER,SABANA DE TORRES,2022-05-22,2022,5,22,2,2022-05,6,1,,-1,ADULTOS,ADULTO,CONTUNDENTES,ARMA_CONTUNDENTE,HURTO,HURTO ENTIDADES FINANCIERAS,1,0
SANTANDER,PIEDECUESTA,2020-10-23,2020,10,23,4,2020-10,4,0,,-1,ADULTOS,ADULTO,LLAVE MAESTRA,OTRAS,HURTO,HURTO ENTIDADES FINANCIERAS,1,1
SANTANDER,PUERTO WILCHES,2020-09-28,2020,9,28,3,2020-09,0,0,FEMENINO,1,ADULTOS,ADULTO,NO REPORTADO,NO_REPORTADO,HURTO,HURTO ABIGEATO,1,0
SANTANDER,LEBRIJA,2019-11-13,2019,11,13,4,2019-11,2,0,MASCULINO,0,ADULTOS,ADULTO,NO REPORTADO,NO_REPORTADO,HURTO,HURTO ABIGEATO,1,1
SANTANDER,BARRANCABERMEJA,2019-12-29,2019,12,29,4,2019-12,6,1,MASCULINO,0,ADULTOS,ADULTO,NO REPORTADO,NO_REPORTADO,HURTO,HURTO ABIGEATO,1,0
SANTANDER,PUERTO WILCHES,2020-03-13,2020,3,13,1,2020-03,4,0,MASCULINO,0,ADULTOS,ADULTO,NO REPORTADO,NO_REPORTADO,HURTO,HURTO ABIGEATO,1,0
SANTANDER,BARRANCABERMEJA,2019-03-15,2019,3,15,1,2019-03,4,0,MASCULINO,0,ADULTOS,ADULTO,NO REPORTADO,NO_REPORTADO,HURTO,HURTO ABIGEATO,1,0
SANTANDER,BARRANCABERMEJA,2019-05-18,2019,5,18,2,2019-05,5,1,MASCULINO,0,ADULTOS,ADULTO,NO REPORTADO,NO_REPORTADO,HURTO,HURTO ABIGEATO,1,0
SANTANDER,ARATOCA,2019-05-24,2019,5,24,2,2019-05,4,0,MASCULINO,0,ADULTOS,ADULTO,NO REPORTADO,NO_REPORTADO,HURTO,HURTO ABIGEATO,1,0
SANTANDER,BARRANCABERMEJA,2019-06-20,2019,6,20,2,2019-06,3,0,MASCULINO,0,ADULTOS,ADULTO,NO REPORTADO,NO_REPORTADO,HURTO,HURTO ABIGEATO,1,0
SANTANDER,PUERTO PARRA,2019-07-26,2019,7,26,3,2019-07,4,0,MASCULINO,0,ADULTOS,ADULTO,NO REPORTADO,NO_REPORTADO,HURTO,HURTO ABIGEATO,1,0
SANTANDER,PUENTE NACIONAL,2019-06-08,2019,6,8,2,2019-06,5,1,FEMENINO,1,ADULTOS,ADULTO,NO REPORTADO,NO_REPORTADO,HURTO,HURTO ABIGEATO,1,0
SANTANDER,BARRANCABERMEJA,2018-07-24,2018,7,24,3,2018-07,1,0,MASCULINO,0,ADULTOS,ADULTO,NO REPORTADO,NO_REPORTADO,HURTO,HURTO ABIGEATO,1,0
SANTANDER,PUERTO PARRA,2018-06-07,2018,6,7,2,2018-06,3,0,MASCULINO,0,ADULTOS,ADULTO,NO REPORTADO,NO_REPORTADO,HURTO,HURTO ABIGEATO,1,0
SANTANDER,BARRANCABERMEJA,2017-05-01,2017,5,1,2,2017-05,0,0,MASCULINO,0,ADULTOS,ADULTO,NO REPORTADO,NO_REPORTADO,HURTO,HURTO ABIGEATO,1,0
SANTANDER,LOS SANTOS,2017-09-08,2017,9,8,3,2017-09,4,0,MASCULINO,0,ADULTOS,ADULTO,NO REPORTADO,NO_REPORTADO,HURTO,HURTO ABIGEATO,1,0
SANTANDER,PUERTO WILCHES,2017-10-01,2017,10,1,4,2017-10,6,1,FEMENINO,1,ADULTOS,ADULTO,NO REPORTADO,NO_REPORTADO,HURTO,HURTO ABIGEATO,1,0
SANTANDER,CIMITARRA,2012-10-22,2012,10,22,4,2012-10,0,0,FEMENINO,1,ADULTOS,ADULTO,NO REPORTADO,NO_REPORTADO,HURTO,HURTO ABIGEATO,1,0
SANTANDER,CHIPATÁ,2012-07-06,2012,7,6,3,2012-07,4,0,MASCULINO,0,ADULTOS,ADULTO,NO REPORTADO,NO_REPORTADO,HURTO,HURTO ABIGEATO,1,0
SANTANDER,ONZAGA,2012-11-11,2012,11,11,4,2012-11,6,1,MASCULINO,0,ADULTOS,ADULTO,NO REPORTADO,NO_REPORTADO,HURTO,HURTO ABIGEATO,1,0
SANTANDER,SAN VICENTE DE CHUCURÍ,2011-11-17,2011,11,17,4,2011-11,3,0,MASCULINO,0,ADULTOS,ADULTO,NO REPORTADO,NO_REPORTADO,HURTO,HURTO ABIGEATO,1,0
SANTANDER,SABANA DE TORRES,2012-11-30,2012,11,30,4,2012-11,4,0,MASCULINO,0,ADULTOS,ADULTO,NO REPORTADO,NO_REPORTADO,HURTO,HURTO ABIGEATO,1,0
SANTANDER,CHARALÁ,2012-10-20,2012,10,20,4,2012-10,5,1,MASCULINO,0,ADULTOS,ADULTO,NO REPORTADO,NO_REPORTADO,HURTO,HURTO ABIGEATO,1,0
SANTANDER,CHARALÁ,2012-05-14,2012,5,14,2,2012-05,0,0,MASCULINO,0,ADULTOS,ADULTO,NO REPORTADO,NO_REPORTADO,HURTO,HURTO ABIGEATO,1,0
SANTANDER,CURITÍ,2012-07-04,2012,7,4,3,2012-07,2,0,MASCULINO,0,ADULTOS,ADULTO,NO REPORTADO,NO_REPORTADO,HURTO,HURTO ABIGEATO,1,0
SANTANDER,GÜEPSA,2013-01-12,2013,1,12,1,2013-01,5,1,MASCULINO,0,ADULTOS,ADULTO,NO REPORTADO,NO_REPORTADO,HURTO,HURTO ABIGEATO,1,0
SANTANDER,SABANA DE TORRES,2013-01-30,2013,1,30,1,2013-01,2,0,MASCULINO,0,ADULTOS,ADULTO,NO REPORTADO,NO_REPORTADO,HURTO,HURTO ABIGEATO,1,0
SANTANDER,SAN VICENTE DE CHUCURÍ,2013-02-06,2013,2,6,1,2013-02,2,0,MASCULINO,0,ADULTOS,ADULTO,NO REPORTADO,NO_REPORTADO,HURTO,HURTO ABIGEATO,1,0
SANTANDER,BARBOSA,2013-03-14,2013,3,14,1,2013-03,3,0,MASCULINO,0,ADULTOS,ADULTO,NO REPORTADO,NO_REPORTADO,HURTO,HURTO ABIGEATO,1,0
SANTANDER,BARBOSA,2013-01-17,2013,1,17,1,2013-01,3,0,MASCULINO,0,ADULTOS,ADULTO,NO REPORTADO,NO_REPORTADO,HURTO,HURTO ABIGEATO,1,0
SANTANDER,PUENTE NACIONAL,2013-02-22,2013,2,22,1,2013-02,4,0,MASCULINO,0,ADULTOS,ADULTO,NO REPORTADO,NO_REPORTADO,HURTO,HURTO ABIGEATO,1,0
SANTANDER,CIMITARRA,2013-03-18,2013,3,18,1,2013-03,0,0,MASCULINO,0,ADULTOS,ADULTO,NO REPORTADO,NO_REPORTADO,HURTO,HURTO ABIGEATO,1,0
SANTANDER,CIMITARRA,2013-04-15,2013,4,15,2,2013-04,0,0,MASCULINO,0,ADULTOS,ADULTO,NO REPORTADO,NO_REPORTADO,HURTO,HURTO ABIGEATO,1,0
SANTANDER,SABANA DE TORRES,2013-04-02,2013,4,2,2,2013-04,1,0,MASCULINO,0,ADULTOS,ADULTO,NO REPORTADO,NO_REPORTADO,HURTO,HURTO ABIGEATO,1,0
SANTANDER,BOLÍVAR,2012-08-03,2012,8,3,3,2012-08,4,0,NO REPORTA,-1,ADULTOS,ADULTO,NO REPORTADO,NO_REPORTADO,HURTO,HURTO ABIGEATO,1,0
SANTANDER,BARBOSA,2013-09-24,2013,9,24,3,2013-09,1,0,MASCULINO,0,ADULTOS,ADULTO,NO REPORTADO,NO_REPORTADO,HURTO,HURTO ABIGEATO,1,0
SANTANDER,BARBOSA,2013-10-25,2013,10,25,4,2013-10,4,0,MASCULINO,0,ADULTOS,ADULTO,NO REPORTADO,NO_REPORTADO,HURTO,HURTO ABIGEATO,1,0
SANTANDER,VÉLEZ,2011-02-25,2011,2,25,1,2011-02,4,0,MASCULINO,0,ADULTOS,ADULTO,NO REPORTADO,NO_REPORTADO,HURTO,HURTO ABIGEATO,1,0
SANTANDER,PALMAS DEL SOCORRO,2011-02-16,2011,2,16,1,2011-02,2,0,MASCULINO,0,ADULTOS,ADULTO,NO REPORTADO,NO_REPORTADO,HURTO,HURTO ABIGEATO,1,0
SANTANDER,VÉLEZ,2011-03-09,2011,3,9,1,2011-03,2,0,MASCULINO,0,ADULTOS,ADULTO,NO REPORTADO,NO_REPORTADO,HURTO,HURTO ABIGEATO,1,0
SANTANDER,BARBOSA,2011-03-05,2011,3,5,1,2011-03,5,1,MASCULINO,0,ADULTOS,ADULTO,NO REPORTADO,NO_REPORTADO,HURTO,HURTO ABIGEATO,1,0
SANTANDER,LANDÁZURI,2011-05-21,2011,5,21,2,2011-05,5,1,MASCULINO,0,ADULTOS,ADULTO,NO REPORTADO,NO_REPORTADO,HURTO,HURTO ABIGEATO,1,0
SANTANDER,OIBA,2011-04-27,2011,4,27,2,2011-04,2,0,MASCULINO,0,ADULTOS,ADULTO,NO REPORTADO,NO_REPORTADO,HURTO,HURTO ABIGEATO,1,0
SANTANDER,BARBOSA,2011-05-08,2011,5,8,2,2011-05,6,1,FEMENINO,1,ADULTOS,ADULTO,NO REPORTADO,NO_REPORTADO,HURTO,HURTO ABIGEATO,1,0
SANTANDER,BARBOSA,2011-05-16,2011,5,16,2,2011-05,0,0,FEMENINO,1,ADULTOS,ADULTO,NO REPORTADO,NO_REPORTADO,HURTO,HURTO ABIGEATO,1,0
SANTANDER,RIONEGRO,2011-05-03,2011,5,3,2,2011-05,1,0,FEMENINO,1,ADULTOS,ADULTO,NO REPORTADO,NO_REPORTADO,HURTO,HURTO ABIGEATO,1,0
SANTANDER,CHARALÁ,2011-03-29,2011,3,29,1,2011-03,1,0,FEMENINO,1,ADULTOS,ADULTO,NO REPORTADO,NO_REPORTADO,HURTO,HURTO ABIGEATO,1,0
SANTANDER,PUENTE NACIONAL,2011-03-18,2011,3,18,1,2011-03,4,0,MASCULINO,0,ADULTOS,ADULTO,NO REPORTADO,NO_REPORTADO,HURTO,HURTO ABIGEATO,1,0
SANTANDER,VALLE DE SAN JOSÉ,2011-03-21,2011,3,21,1,2011-03,0,0,MASCULINO,0,ADULTOS,ADULTO,NO REPORTADO,NO_REPORTADO,HURTO,HURTO ABIGEATO,1,0
SANTANDER,PALMAS DEL SOCORRO,2011-05-02,2011,5,2,2,2011-05,0,0,MASCULINO,0,ADULTOS,ADULTO,NO REPORTADO,NO_REPORTADO,HURTO,HURTO ABIGEATO,1,0
SANTANDER,CIMITARRA,2011-04-24,2011,4,24,2,2011-04,6,1,MASCULINO,0,ADULTOS,ADULTO,NO REPORTADO,NO_REPORTADO,HURTO,HURTO ABIGEATO,1,0
SANTANDER,GUADALUPE,2011-04-05,2011,4,5,2,2011-04,1,0,MASCULINO,0,ADULTOS,ADULTO,NO REPORTADO,NO_REPORTADO,HURTO,HURTO ABIGEATO,1,0
SANTANDER,SOCORRO,2011-03-11,2011,3,11,1,2011-03,4,0,MASCULINO,0,ADULTOS,ADULTO,NO REPORTADO,NO_REPORTADO,HURTO,HURTO ABIGEATO,1,0
SANTANDER,PUENTE NACIONAL,2011-07-03,2011,7,3,3,2011-07,6,1,MASCULINO,0,ADULTOS,ADULTO,NO REPORTADO,NO_REPORTADO,HURTO,HURTO ABIGEATO,1,0
SANTANDER,SAN VICENTE DE CHUCURÍ,2011-04-15,2011,4,15,2,2011-04,4,0,MASCULINO,0,ADULTOS,ADULTO,NO REPORTADO,NO_REPORTADO,HURTO,HURTO ABIGEATO,1,0
SANTANDER,FLORIÁN,2011-06-09,2011,6,9,2,2011-06,3,0,MASCULINO,0,ADULTOS,ADULTO,NO REPORTADO,NO_REPORTADO,HURTO,HURTO ABIGEATO,1,0
SANTANDER,SAN VICENTE DE CHUCURÍ,2011-07-16,2011,7,16,3,2011-07,5,1,FEMENINO,1,ADULTOS,ADULTO,NO REPORTADO,NO_REPORTADO,HURTO,HURTO ABIGEATO,1,0
SANTANDER,CIMITARRA,2011-07-20,2011,7,20,3,2011-07,2,0,MASCULINO,0,ADULTOS,ADULTO,NO REPORTADO,NO_REPORTADO,HURTO,HURTO ABIGEATO,1,0
SANTANDER,VÉLEZ,2011-03-03,2011,3,3,1,2011-03,3,0,FEMENINO,1,ADULTOS,ADULTO,NO REPORTADO,NO_REPORTADO,HURTO,HURTO ABIGEATO,1,0
SANTANDER,JESÚS MARÍA,2011-05-17,2011,5,17,2,2011-05,1,0,MASCULINO,0,ADULTOS,ADULTO,NO REPORTADO,NO_REPORTADO,HURTO,HURTO ABIGEATO,1,0
SANTANDER,VÉLEZ,2011-10-15,2011,10,15,4,2011-10,5,1,MASCULINO,0,ADULTOS,ADULTO,NO REPORTADO,NO_REPORTADO,HURTO,HURTO ABIGEATO,1,0
SANTANDER,OIBA,2011-09-06,2011,9,6,3,2011-09,1,0,MASCULINO,0,ADULTOS,ADULTO,NO REPORTADO,NO_REPORTADO,HURTO,HURTO ABIGEATO,1,0
SANTANDER,GUACA,2011-07-03,2011,7,3,3,2011-07,6,1,MASCULINO,0,ADULTOS,ADULTO,NO REPORTADO,NO_REPORTADO,HURTO,HURTO ABIGEATO,1,0
SANTANDER,CIMITARRA,2011-02-01,2011,2,1,1,2011-02,1,0,MASCULINO,0,ADULTOS,ADULTO,NO REPORTADO,NO_REPORTADO,HURTO,HURTO ABIGEATO,1,0
SANTANDER,GUAVATÁ,2011-10-12,2011,10,12,4,2011-10,2,0,MASCULINO,0,ADULTOS,ADULTO,NO REPORTADO,NO_REPORTADO,HURTO,HURTO ABIGEATO,1,0
SANTANDER,GUAVATÁ,2011-05-13,2011,5,13,2,2011-05,4,0,MASCULINO,0,ADULTOS,ADULTO,NO REPORTADO,NO_REPORTADO,HURTO,HURTO ABIGEATO,1,0
SANTANDER,VALLE DE SAN JOSÉ,2011-06-05,2011,6,5,2,2011-06,6,1,MASCULINO,0,ADULTOS,ADULTO,NO REPORTADO,NO_REPORTADO,HURTO,HURTO ABIGEATO,1,0
SANTANDER,BARRANCABERMEJA,2011-09-03,2011,9,3,3,2011-09,5,1,FEMENINO,1,ADULTOS,ADULTO,NO REPORTADO,NO_REPORTADO,HURTO,HURTO ABIGEATO,1,0
SANTANDER,SOCORRO,2011-12-17,2011,12,17,4,2011-12,5,1,MASCULINO,0,ADULTOS,ADULTO,NO REPORTADO,NO_REPORTADO,HURTO,HURTO ABIGEATO,1,0
SANTANDER,PUERTO WILCHES,2011-10-18,2011,10,18,4,2011-10,1,0,MASCULINO,0,ADULTOS,ADULTO,NO REPORTADO,NO_REPORTADO,HURTO,HURTO ABIGEATO,1,0
SANTANDER,BARRANCABERMEJA,2011-10-15,2011,10,15,4,2011-10,5,1,MASCULINO,0,ADULTOS,ADULTO,NO REPORTADO,NO_REPORTADO,HURTO,HURTO ABIGEATO,1,0
SANTANDER,BARRANCABERMEJA,2011-08-25,2011,8,25,3,2011-08,3,0,MASCULINO,0,ADULTOS,ADULTO,NO REPORTADO,NO_REPORTADO,HURTO,HURTO ABIGEATO,1,0
SANTANDER,RIONEGRO,2012-01-26,2012,1,26,1,2012-01,3,0,MASCULINO,0,ADULTOS,ADULTO,NO REPORTADO,NO_REPORTADO,HURTO,HURTO ABIGEATO,1,0
SANTANDER,SAN JOAQUÍN,2012-02-10,2012,2,10,1,2012-02,4,0,MASCULINO,0,ADULTOS,ADULTO,NO REPORTADO,NO_REPORTADO,HURTO,HURTO ABIGEATO,1,0
SANTANDER,LANDÁZURI,2012-02-09,2012,2,9,1,2012-02,3,0,FEMENINO,1,ADULTOS,ADULTO,NO REPORTADO,NO_REPORTADO,HURTO,HURTO ABIGEATO,1,0
SANTANDER,BOLÍVAR,2012-03-24,2012,3,24,1,2012-03,5,1,MASCULINO,0,ADULTOS,ADULTO,NO REPORTADO,NO_REPORTADO,HURTO,HURTO ABIGEATO,1,0
SANTANDER,SABANA DE TORRES,2012-01-15,2012,1,15,1,2012-01,6,1,MASCULINO,0,ADULTOS,ADULTO,NO REPORTADO,NO_REPORTADO,HURTO,HURTO ABIGEATO,1,0
SANTANDER,OIBA,2012-03-29,2012,3,29,1,2012-03,3,0,MASCULINO,0,ADULTOS,ADULTO,NO REPORTADO,NO_REPORTADO,HURTO,HURTO ABIGEATO,1,0
SANTANDER,VETAS,2012-03-22,2012,3,22,1,2012-03,3,0,MASCULINO,0,ADULTOS,ADULTO,NO REPORTADO,NO_REPORTADO,HURTO,HURTO ABIGEATO,1,0
SANTANDER,VÉLEZ,2012-04-05,2012,4,5,2,2012-04,3,0,MASCULINO,0,ADULTOS,ADULTO,NO REPORTADO,NO_REPORTADO,HURTO,HURTO ABIGEATO,1,0
SANTANDER,SAN GIL,2012-04-28,2012,4,28,2,2012-04,5,1,FEMENINO,1,ADULTOS,ADULTO,NO REPORTADO,NO_REPORTADO,HURTO,HURTO ABIGEATO,1,0
SANTANDER,BARRANCABERMEJA,2012-04-06,2012,4,6,2,2012-04,4,0,MASCULINO,0,ADULTOS,ADULTO,NO REPORTADO,NO_REPORTADO,HURTO,HURTO ABIGEATO,1,0
SANTANDER,SABANA DE TORRES,2012-07-18,2012,7,18,3,2012-07,2,0,MASCULINO,0,ADULTOS,ADULTO,NO REPORTADO,NO_REPORTADO,HURTO,HURTO ABIGEATO,1,0
SANTANDER,PUENTE NACIONAL,2012-07-11,2012,7,11,3,2012-07,2,0,MASCULINO,0,ADULTOS,ADULTO,NO REPORTADO,NO_REPORTADO,HURTO,HURTO ABIGEATO,1,0
SANTANDER,PUERTO PARRA,2012-02-27,2012,2,27,1,2012-02,0,0,MASCULINO,0,ADULTOS,ADULTO,NO REPORTADO,NO_REPORTADO,HURTO,HURTO ABIGEATO,1,0
SANTANDER,BARRANCABERMEJA,2012-07-11,2012,7,11,3,2012-07,2,0,FEMENINO,1,ADULTOS,ADULTO,NO REPORTADO,NO_REPORTADO,HURTO,HURTO ABIGEATO,1,0
SANTANDER,SIMACOTA,2012-05-24,2012,5,24,2,2012-05,3,0,FEMENINO,1,ADULTOS,ADULTO,NO REPORTADO,NO_REPORTADO,HURTO,HURTO ABIGEATO,1,0
SANTANDER,PUENTE NACIONAL,2012-04-24,2012,4,24,2,2012-04,1,0,MASCULINO,0,ADULTOS,ADULTO,NO REPORTADO,NO_REPORTADO,HURTO,HURTO ABIGEATO,1,0
SANTANDER,SABANA DE TORRES,2012-06-20,2012,6,20,2,2012-06,2,0,MASCULINO,0,ADULTOS,ADULTO,NO REPORTADO,NO_REPORTADO,HURTO,HURTO ABIGEATO,1,0
SANTANDER,SABANA DE TORRES,2012-07-04,2012,7,4,3,2012-07,2,0,MASCULINO,0,ADULTOS,ADULTO,NO REPORTADO,NO_REPORTADO,HURTO,HURTO ABIGEATO,1,0
SANTANDER,PUERTO PARRA,2012-05-17,2012,5,17,2,2012-05,3,0,MASCULINO,0,ADULTOS,ADULTO,NO REPORTADO,NO_REPORTADO,HURTO,HURTO ABIGEATO,1,0
SANTANDER,SIMACOTA,2012-09-04,2012,9,4,3,2012-09,1,0,MASCULINO,0,ADULTOS,ADULTO,NO REPORTADO,NO_REPORTADO,HURTO,HURTO ABIGEATO,1,0
SANTANDER,CIMITARRA,2012-09-09,2012,9,9,3,2012-09,6,1,MASCULINO,0,ADULTOS,ADULTO,NO REPORTADO,NO_REPORTADO,HURTO,HURTO ABIGEATO,1,0
SANTANDER,CIMITARRA,2012-06-01,2012,6,1,2,2012-06,4,0,MASCULINO,0,ADULTOS,ADULTO,NO REPORTADO,NO_REPORTADO,HURTO,HURTO ABIGEATO,1,0
SANTANDER,SABANA DE TORRES,2012-09-27,2012,9,27,3,2012-09,3,0,MASCULINO,0,ADULTOS,ADULTO,NO REPORTADO,NO_REPORTADO,HURTO,HURTO ABIGEATO,1,0
SANTANDER,CONFINES,2012-07-22,2012,7,22,3,2012-07,6,1,MASCULINO,0,ADULTOS,ADULTO,NO REPORTADO,NO_REPORTADO,HURTO,HURTO ABIGEATO,1,0
SANTANDER,SABANA DE TORRES,2012-06-28,2012,6,28,2,2012-06,3,0,MASCULINO,0,ADULTOS,ADULTO,NO REPORTADO,NO_REPORTADO,HURTO,HURTO ABIGEATO,1,0
SANTANDER,SAN BENITO,2012-08-01,2012,8,1,3,2012-08,2,0,MASCULINO,0,ADULTOS,ADULTO,NO REPORTADO,NO_REPORTADO,HURTO,HURTO ABIGEATO,1,0
SANTANDER,BARRANCABERMEJA,2012-08-03,2012,8,3,3,2012-08,4,0,FEMENINO,1,ADULTOS,ADULTO,NO REPORTADO,NO_REPORTADO,HURTO,HURTO ABIGEATO,1,0
SANTANDER,OIBA,2012-07-14,2012,7,14,3,2012-07,5,1,FEMENINO,1,ADULTOS,ADULTO,NO REPORTADO,NO_REPORTADO,HURTO,HURTO ABIGEATO,1,0
SANTANDER,SABANA DE TORRES,2011-05-08,2011,5,8,2,2011-05,6,1,MASCULINO,0,ADULTOS,ADULTO,NO REPORTADO,NO_REPORTADO,HURTO,HURTO ABIGEATO,1,0
SANTANDER,EL PLAYÓN,2011-05-28,2011,5,28,2,2011-05,5,1,FEMENINO,1,ADULTOS,ADULTO,NO REPORTADO,NO_REPORTADO,HURTO,HURTO ABIGEATO,1,0
SANTANDER,BOLÍVAR,2012-11-25,2012,11,25,4,2012-11,6,1,MASCULINO,0,ADULTOS,ADULTO,NO REPORTADO,NO_REPORTADO,HURTO,HURTO ABIGEATO,1,0
SANTANDER,GIRÓN,2012-12-07,2012,12,7,4,2012-12,4,0,MASCULINO,0,ADULTOS,ADULTO,NO REPORTADO,NO_REPORTADO,HURTO,HURTO ABIGEATO,1,1
SANTANDER,CIMITARRA,2012-11-21,2012,11,21,4,2012-11,2,0,MASCULINO,0,ADULTOS,ADULTO,NO REPORTADO,NO_REPORTADO,HURTO,HURTO ABIGEATO,1,0
SANTANDER,PUERTO PARRA,2010-02-17,2010,2,17,1,2010-02,2,0,MASCULINO,0,ADULTOS,ADULTO,NO REPORTADO,NO_REPORTADO,HURTO,HURTO ABIGEATO,1,0
SANTANDER,CIMITARRA,2010-02-20,2010,2,20,1,2010-02,5,1,MASCULINO,0,ADULTOS,ADULTO,NO REPORTADO,NO_REPORTADO,HURTO,HURTO ABIGEATO,1,0
SANTANDER,PUENTE NACIONAL,2010-01-06,2010,1,6,1,2010-01,2,0,MASCULINO,0,ADULTOS,ADULTO,NO REPORTADO,NO_REPORTADO,HURTO,HURTO ABIGEATO,1,0
SANTANDER,BARRANCABERMEJA,2010-01-10,2010,1,10,1,2010-01,6,1,MASCULINO,0,ADULTOS,ADULTO,NO REPORTADO,NO_REPORTADO,HURTO,HURTO ABIGEATO,1,0
SANTANDER,SABANA DE TORRES,2010-02-13,2010,2,13,1,2010-02,5,1,MASCULINO,0,ADULTOS,ADULTO,NO REPORTADO,NO_REPORTADO,HURTO,HURTO ABIGEATO,1,0
SANTANDER,MOGOTES,2010-01-17,2010,1,17,1,2010-01,6,1,MASCULINO,0,ADULTOS,ADULTO,NO REPORTADO,NO_REPORTADO,HURTO,HURTO ABIGEATO,1,0
SANTANDER,SOCORRO,2010-02-04,2010,2,4,1,2010-02,3,0,MASCULINO,0,ADULTOS,ADULTO,NO REPORTADO,NO_REPORTADO,HURTO,HURTO ABIGEATO,1,0
SANTANDER,HATO,2010-02-22,2010,2,22,1,2010-02,0,0,FEMENINO,1,ADULTOS,ADULTO,NO REPORTADO,NO_REPORTADO,HURTO,HURTO ABIGEATO,1,0
SANTANDER,SOCORRO,2010-02-08,2010,2,8,1,2010-02,0,0,MASCULINO,0,ADULTOS,ADULTO,NO REPORTADO,NO_REPORTADO,HURTO,HURTO ABIGEATO,1,0
SANTANDER,CHARALÁ,2010-06-17,2010,6,17,2,2010-06,3,0,FEMENINO,1,ADULTOS,ADULTO,NO REPORTADO,NO_REPORTADO,HURTO,HURTO ABIGEATO,1,0
SANTANDER,MÁLAGA,2010-04-08,2010,4,8,2,2010-04,3,0,MASCULINO,0,ADULTOS,ADULTO,NO REPORTADO,NO_REPORTADO,HURTO,HURTO ABIGEATO,1,0
SANTANDER,FLORIÁN,2010-01-05,2010,1,5,1,2010-01,1,0,MASCULINO,0,ADULTOS,ADULTO,NO REPORTADO,NO_REPORTADO,HURTO,HURTO ABIGEATO,1,0
SANTANDER,SOCORRO,2010-06-01,2010,6,1,2,2010-06,1,0,MASCULINO,0,ADULTOS,ADULTO,NO REPORTADO,NO_REPORTADO,HURTO,HURTO ABIGEATO,1,0
SANTANDER,VÉLEZ,2010-06-01,2010,6,1,2,2010-06,1,0,MASCULINO,0,ADULTOS,ADULTO,NO REPORTADO,NO_REPORTADO,HURTO,HURTO ABIGEATO,1,0
SANTANDER,PÁRAMO,2010-02-16,2010,2,16,1,2010-02,1,0,MASCULINO,0,ADULTOS,ADULTO,NO REPORTADO,NO_REPORTADO,HURTO,HURTO ABIGEATO,1,0
SANTANDER,RIONEGRO,2010-04-06,2010,4,6,2,2010-04,1,0,FEMENINO,1,ADULTOS,ADULTO,NO REPORTADO,NO_REPORTADO,HURTO,HURTO ABIGEATO,1,0
SANTANDER,SABANA DE TORRES,2010-04-15,2010,4,15,2,2010-04,3,0,MASCULINO,0,ADULTOS,ADULTO,NO REPORTADO,NO_REPORTADO,HURTO,HURTO ABIGEATO,1,0
SANTANDER,BARRANCABERMEJA,2010-07-10,2010,7,10,3,2010-07,5,1,MASCULINO,0,ADULTOS,ADULTO,NO REPORTADO,NO_REPORTADO,HURTO,HURTO ABIGEATO,1,0
SANTANDER,BARRANCABERMEJA,2010-07-19,2010,7,19,3,2010-07,0,0,MASCULINO,0,ADULTOS,ADULTO,NO REPORTADO,NO_REPORTADO,HURTO,HURTO ABIGEATO,1,0
SANTANDER,CIMITARRA,2010-05-29,2010,5,29,2,2010-05,5,1,MASCULINO,0,ADULTOS,ADULTO,NO REPORTADO,NO_REPORTADO,HURTO,HURTO ABIGEATO,1,0
SANTANDER,RIONEGRO,2010-06-07,2010,6,7,2,2010-06,0,0,MASCULINO,0,ADULTOS,ADULTO,NO REPORTADO,NO_REPORTADO,HURTO,HURTO ABIGEATO,1,0
SANTANDER,CAPITANEJO,2010-08-03,2010,8,3,3,2010-08,1,0,MASCULINO,0,ADULTOS,ADULTO,NO REPORTADO,NO_REPORTADO,HURTO,HURTO ABIGEATO,1,0
SANTANDER,PUENTE NACIONAL,2010-08-12,2010,8,12,3,2010-08,3,0,MASCULINO,0,ADULTOS,ADULTO,NO REPORTADO,NO_REPORTADO,HURTO,HURTO ABIGEATO,1,0
SANTANDER,GAMBITA,2010-08-27,2010,8,27,3,2010-08,4,0,MASCULINO,0,ADULTOS,ADULTO,NO REPORTADO,NO_REPORTADO,HURTO,HURTO ABIGEATO,1,0
SANTANDER,CHIPATÁ,2010-08-13,2010,8,13,3,2010-08,4,0,MASCULINO,0,ADULTOS,ADULTO,NO REPORTADO,NO_REPORTADO,HURTO,HURTO ABIGEATO,1,0
SANTANDER,CIMITARRA,2010-09-01,2010,9,1,3,2010-09,2,0,MASCULINO,0,ADULTOS,ADULTO,NO REPORTADO,NO_REPORTADO,HURTO,HURTO ABIGEATO,1,0
SANTANDER,MÁLAGA,2010-04-08,2010,4,8,2,2010-04,3,0,MASCULINO,0,ADULTOS,ADULTO,NO REPORTADO,NO_REPORTADO,HURTO,HURTO ABIGEATO,1,0
SANTANDER,BARRANCABERMEJA,2010-08-15,2010,8,15,3,2010-08,6,1,MASCULINO,0,ADULTOS,ADULTO,NO REPORTADO,NO_REPORTADO,HURTO,HURTO ABIGEATO,1,0
SANTANDER,SABANA DE TORRES,2010-09-02,2010,9,2,3,2010-09,3,0,MASCULINO,0,ADULTOS,ADULTO,NO REPORTADO,NO_REPORTADO,HURTO,HURTO ABIGEATO,1,0
SANTANDER,CIMITARRA,2010-08-01,2010,8,1,3,2010-08,6,1,MASCULINO,0,ADULTOS,ADULTO,NO REPORTADO,NO_REPORTADO,HURTO,HURTO ABIGEATO,1,0
SANTANDER,VÉLEZ,2010-09-26,2010,9,26,3,2010-09,6,1,MASCULINO,0,ADULTOS,ADULTO,NO REPORTADO,NO_REPORTADO,HURTO,HURTO ABIGEATO,1,0
SANTANDER,VÉLEZ,2010-10-17,2010,10,17,4,2010-10,6,1,MASCULINO,0,ADULTOS,ADULTO,NO REPORTADO,NO_REPORTADO,HURTO,HURTO ABIGEATO,1,0
SANTANDER,VÉLEZ,2010-11-13,2010,11,13,4,2010-11,5,1,FEMENINO,1,ADULTOS,ADULTO,NO REPORTADO,NO_REPORTADO,HURTO,HURTO ABIGEATO,1,0
SANTANDER,PUERTO WILCHES,2010-10-27,2010,10,27,4,2010-10,2,0,MASCULINO,0,ADULTOS,ADULTO,NO REPORTADO,NO_REPORTADO,HURTO,HURTO ABIGEATO,1,0
SANTANDER,PIEDECUESTA,2011-08-03,2011,8,3,3,2011-08,2,0,,-1,,NO_REPORTADO,NO REPORTADO,NO_REPORTADO,HURTO,HURTO PIRATERÍA TERRESTRE,1,1
SANTANDER,ARATOCA,2012-01-17,2012,1,17,1,2012-01,1,0,,-1,ADULTOS,ADULTO,NO REPORTADO,NO_REPORTADO,HURTO,HURTO PIRATERÍA TERRESTRE,1,0
SANTANDER,ARATOCA,2025-03-03,2025,3,3,1,2025-03,0,0,MASCULINO,0,ADULTOS,ADULTO,SIN EMPLEO DE ARMAS,SIN_ARMA,HURTO,HURTO ABIGEATO,1,0
SANTANDER,SIMACOTA,2025-04-20,2025,4,20,2,2025-04,6,1,MASCULINO,0,ADULTOS,ADULTO,SIN EMPLEO DE ARMAS,SIN_ARMA,HURTO,HURTO ABIGEATO,1,0
SANTANDER,VILLANUEVA,2025-02-08,2025,2,8,1,2025-02,5,1,MASCULINO,0,ADULTOS,ADULTO,SIN EMPLEO DE ARMAS,SIN_ARMA,HURTO,HURTO ABIGEATO,1,0
SANTANDER,ONZAGA,2025-02-05,2025,2,5,1,2025-02,2,0,MASCULINO,0,ADULTOS,ADULTO,SIN EMPLEO DE ARMAS,SIN_ARMA,HURTO,HURTO ABIGEATO,1,0
SANTANDER,SIMACOTA,2025-03-03,2025,3,3,1,2025-03,0,0,MASCULINO,0,ADULTOS,ADULTO,SIN EMPLEO DE ARMAS,SIN_ARMA,HURTO,HURTO ABIGEATO,1,0
SANTANDER,BARBOSA,2025-05-12,2025,5,12,2,2025-05,0,0,MASCULINO,0,ADULTOS,ADULTO,SIN EMPLEO DE ARMAS,SIN_ARMA,HURTO,HURTO ABIGEATO,1,0
SANTANDER,BARRANCABERMEJA,2025-03-16,2025,3,16,1,2025-03,6,1,MASCULINO,0,ADULTOS,ADULTO,SIN EMPLEO DE ARMAS,SIN_ARMA,HURTO,HURTO ABIGEATO,1,0
SANTANDER,MOGOTES,2025-05-17,2025,5,17,2,2025-05,5,1,FEMENINO,1,ADULTOS,ADULTO,SIN EMPLEO DE ARMAS,SIN_ARMA,HURTO,HURTO ABIGEATO,1,0
SANTANDER,CIMITARRA,2025-06-15,2025,6,15,2,2025-06,6,1,MASCULINO,0,ADULTOS,ADULTO,SIN EMPLEO DE ARMAS,SIN_ARMA,HURTO,HURTO ABIGEATO,1,0
SANTANDER,PUERTO PARRA,2025-04-28,2025,4,28,2,2025-04,0,0,MASCULINO,0,ADULTOS,ADULTO,SIN EMPLEO DE ARMAS,SIN_ARMA,HURTO,HURTO ABIGEATO,1,0
SANTANDER,PUERTO PARRA,2025-05-04,2025,5,4,2,2025-05,6,1,MASCULINO,0,ADULTOS,ADULTO,SIN EMPLEO DE ARMAS,SIN_ARMA,HURTO,HURTO ABIGEATO,1,0
SANTANDER,BARRANCABERMEJA,2025-03-22,2025,3,22,1,2025-03,5,1,MASCULINO,0,ADULTOS,ADULTO,SIN EMPLEO DE ARMAS,SIN_ARMA,HURTO,HURTO ABIGEATO,1,0
SANTANDER,PUERTO WILCHES,2025-03-14,2025,3,14,1,2025-03,4,0,MASCULINO,0,ADULTOS,ADULTO,SIN EMPLEO DE ARMAS,SIN_ARMA,HURTO,HURTO ABIGEATO,1,0
SANTANDER,CIMITARRA,2025-06-15,2025,6,15,2,2025-06,6,1,MASCULINO,0,ADULTOS,ADULTO,SIN EMPLEO DE ARMAS,SIN_ARMA,HURTO,HURTO ABIGEATO,1,0
SANTANDER,CIMITARRA,2025-05-11,2025,5,11,2,2025-05,6,1,MASCULINO,0,ADULTOS,ADULTO,SIN EMPLEO DE ARMAS,SIN_ARMA,HURTO,HURTO ABIGEATO,1,0
SANTANDER,CIMITARRA,2025-05-30,2025,5,30,2,2025-05,4,0,MASCULINO,0,ADULTOS,ADULTO,SIN EMPLEO DE ARMAS,SIN_ARMA,HURTO,HURTO ABIGEATO,1,0
SANTANDER,SABANA DE TORRES,2025-07-11,2025,7,11,3,2025-07,4,0,MASCULINO,0,ADULTOS,ADULTO,SIN EMPLEO DE ARMAS,SIN_ARMA,HURTO,HURTO ABIGEATO,1,0
SANTANDER,PUERTO PARRA,2025-04-01,2025,4,1,2,2025-04,1,0,MASCULINO,0,ADULTOS,ADULTO,SIN EMPLEO DE ARMAS,SIN_ARMA,HURTO,HURTO ABIGEATO,1,0
SANTANDER,PUERTO PARRA,2025-03-26,2025,3,26,1,2025-03,2,0,FEMENINO,1,ADULTOS,ADULTO,SIN EMPLEO DE ARMAS,SIN_ARMA,HURTO,HURTO ABIGEATO,1,0
SANTANDER,PUERTO PARRA,2025-03-12,2025,3,12,1,2025-03,2,0,MASCULINO,0,ADULTOS,ADULTO,SIN EMPLEO DE ARMAS,SIN_ARMA,HURTO,HURTO ABIGEATO,1,0
SANTANDER,PUERTO PARRA,2025-03-21,2025,3,21,1,2025-03,4,0,MASCULINO,0,ADULTOS,ADULTO,SIN EMPLEO DE ARMAS,SIN_ARMA,HURTO,HURTO ABIGEATO,1,0
SANTANDER,PUERTO PARRA,2025-03-11,2025,3,11,1,2025-03,1,0,MASCULINO,0,ADULTOS,ADULTO,SIN EMPLEO DE ARMAS,SIN_ARMA,HURTO,HURTO ABIGEATO,1,0
SANTANDER,PUERTO WILCHES,2025-06-22,2025,6,22,2,2025-06,6,1,FEMENINO,1,ADULTOS,ADULTO,SIN EMPLEO DE ARMAS,SIN_ARMA,HURTO,HURTO ABIGEATO,1,0
SANTANDER,PUERTO WILCHES,2025-02-19,2025,2,19,1,2025-02,2,0,MASCULINO,0,ADULTOS,ADULTO,SIN EMPLEO DE ARMAS,SIN_ARMA,HURTO,HURTO ABIGEATO,1,0
SANTANDER,PUERTO WILCHES,2025-07-04,2025,7,4,3,2025-07,4,0,MASCULINO,0,ADULTOS,ADULTO,SIN EMPLEO DE ARMAS,SIN_ARMA,HURTO,HURTO ABIGEATO,1,0
SANTANDER,SAN VICENTE DE CHUCURÍ,2025-03-22,2025,3,22,1,2025-03,5,1,MASCULINO,0,ADULTOS,ADULTO,SIN EMPLEO DE ARMAS,SIN_ARMA,HURTO,HURTO ABIGEATO,1,0
SANTANDER,PUERTO PARRA,2025-02-24,2025,2,24,1,2025-02,0,0,MASCULINO,0,ADULTOS,ADULTO,SIN EMPLEO DE ARMAS,SIN_ARMA,HURTO,HURTO ABIGEATO,1,0
SANTANDER,PUERTO PARRA,2025-02-12,2025,2,12,1,2025-02,2,0,MASCULINO,0,ADULTOS,ADULTO,SIN EMPLEO DE ARMAS,SIN_ARMA,HURTO,HURTO ABIGEATO,1,0
SANTANDER,CIMITARRA,2025-01-16,2025,1,16,1,2025-01,3,0,MASCULINO,0,ADULTOS,ADULTO,SIN EMPLEO DE ARMAS,SIN_ARMA,HURTO,HURTO ABIGEATO,1,0
SANTANDER,SOCORRO,2025-03-05,2025,3,5,1,2025-03,2,0,MASCULINO,0,ADULTOS,ADULTO,SIN EMPLEO DE ARMAS,SIN_ARMA,HURTO,HURTO ABIGEATO,1,0
SANTANDER,RIONEGRO,2025-09-13,2025,9,13,3,2025-09,5,1,MASCULINO,0,ADULTOS,ADULTO,SIN EMPLEO DE ARMAS,SIN_ARMA,HURTO,HURTO ABIGEATO,1,0
SANTANDER,PUERTO WILCHES,2025-06-05,2025,6,5,2,2025-06,3,0,MASCULINO,0,ADULTOS,ADULTO,SIN EMPLEO DE ARMAS,SIN_ARMA,HURTO,HURTO ABIGEATO,1,0
SANTANDER,PUERTO PARRA,2025-07-26,2025,7,26,3,2025-07,5,1,MASCULINO,0,ADULTOS,ADULTO,SIN EMPLEO DE ARMAS,SIN_ARMA,HURTO,HURTO ABIGEATO,1,0
SANTANDER,PUERTO PARRA,2025-07-11,2025,7,11,3,2025-07,4,0,MASCULINO,0,ADULTOS,ADULTO,SIN EMPLEO DE ARMAS,SIN_ARMA,HURTO,HURTO ABIGEATO,1,0
SANTANDER,PUERTO PARRA,2025-02-03,2025,2,3,1,2025-02,0,0,MASCULINO,0,ADULTOS,ADULTO,SIN EMPLEO DE ARMAS,SIN_ARMA,HURTO,HURTO ABIGEATO,1,0
SANTANDER,BARRANCABERMEJA,2025-02-01,2025,2,1,1,2025-02,5,1,MASCULINO,0,ADULTOS,ADULTO,SIN EMPLEO DE ARMAS,SIN_ARMA,HURTO,HURTO ABIGEATO,1,0
SANTANDER,PUERTO WILCHES,2025-09-17,2025,9,17,3,2025-09,2,0,MASCULINO,0,ADULTOS,ADULTO,SIN EMPLEO DE ARMAS,SIN_ARMA,HURTO,HURTO ABIGEATO,1,0
SANTANDER,PUERTO WILCHES,2025-10-08,2025,10,8,4,2025-10,2,0,FEMENINO,1,ADULTOS,ADULTO,SIN EMPLEO DE ARMAS,SIN_ARMA,HURTO,HURTO ABIGEATO,1,0
SANTANDER,MOGOTES,2023-05-01,2023,5,1,2,2023-05,0,0,MASCULINO,0,ADULTOS,ADULTO,SIN EMPLEO DE ARMAS,SIN_ARMA,HURTO,HURTO ABIGEATO,1,0
SANTANDER,PUENTE NACIONAL,2023-04-17,2023,4,17,2,2023-04,0,0,MASCULINO,0,ADULTOS,ADULTO,SIN EMPLEO DE ARMAS,SIN_ARMA,HURTO,HURTO ABIGEATO,1,0
SANTANDER,BARRANCABERMEJA,2023-03-20,2023,3,20,1,2023-03,0,0,MASCULINO,0,ADULTOS,ADULTO,SIN EMPLEO DE ARMAS,SIN_ARMA,HURTO,HURTO ABIGEATO,1,0
SANTANDER,PINCHOTE,2023-05-01,2023,5,1,2,2023-05,0,0,MASCULINO,0,ADULTOS,ADULTO,SIN EMPLEO DE ARMAS,SIN_ARMA,HURTO,HURTO ABIGEATO,1,0
SANTANDER,BARRANCABERMEJA,2023-03-16,2023,3,16,1,2023-03,3,0,MASCULINO,0,ADULTOS,ADULTO,SIN EMPLEO DE ARMAS,SIN_ARMA,HURTO,HURTO ABIGEATO,1,0
SANTANDER,SIMACOTA,2023-04-20,2023,4,20,2,2023-04,3,0,MASCULINO,0,ADULTOS,ADULTO,SIN EMPLEO DE ARMAS,SIN_ARMA,HURTO,HURTO ABIGEATO,1,0
SANTANDER,PUERTO WILCHES,2023-05-17,2023,5,17,2,2023-05,2,0,MASCULINO,0,ADULTOS,ADULTO,SIN EMPLEO DE ARMAS,SIN_ARMA,HURTO,HURTO ABIGEATO,1,0
SANTANDER,EL CARMEN DE CHUCURÍ,2023-06-14,2023,6,14,2,2023-06,2,0,MASCULINO,0,ADULTOS,ADULTO,SIN EMPLEO DE ARMAS,SIN_ARMA,HURTO,HURTO ABIGEATO,1,0
SANTANDER,SABANA DE TORRES,2023-06-18,2023,6,18,2,2023-06,6,1,MASCULINO,0,ADULTOS,ADULTO,SIN EMPLEO DE ARMAS,SIN_ARMA,HURTO,HURTO ABIGEATO,1,0
SANTANDER,SUAITA,2023-03-06,2023,3,6,1,2023-03,0,0,FEMENINO,1,ADULTOS,ADULTO,SIN EMPLEO DE ARMAS,SIN_ARMA,HURTO,HURTO ABIGEATO,1,0
SANTANDER,LEBRIJA,2023-05-22,2023,5,22,2,2023-05,0,0,MASCULINO,0,ADULTOS,ADULTO,SIN EMPLEO DE ARMAS,SIN_ARMA,HURTO,HURTO ABIGEATO,1,1
SANTANDER,LOS SANTOS,2023-07-05,2023,7,5,3,2023-07,2,0,FEMENINO,1,ADULTOS,ADULTO,SIN EMPLEO DE ARMAS,SIN_ARMA,HURTO,HURTO ABIGEATO,1,0
SANTANDER,ALBANIA,2023-06-06,2023,6,6,2,2023-06,1,0,MASCULINO,0,ADULTOS,ADULTO,SIN EMPLEO DE ARMAS,SIN_ARMA,HURTO,HURTO ABIGEATO,1,0
SANTANDER,BARRANCABERMEJA,2023-06-25,2023,6,25,2,2023-06,6,1,MASCULINO,0,ADULTOS,ADULTO,SIN EMPLEO DE ARMAS,SIN_ARMA,HURTO,HURTO ABIGEATO,1,0
SANTANDER,GUADALUPE,2023-03-23,2023,3,23,1,2023-03,3,0,FEMENINO,1,ADULTOS,ADULTO,SIN EMPLEO DE ARMAS,SIN_ARMA,HURTO,HURTO ABIGEATO,1,0
SANTANDER,PUERTO WILCHES,2023-05-11,2023,5,11,2,2023-05,3,0,FEMENINO,1,ADULTOS,ADULTO,SIN EMPLEO DE ARMAS,SIN_ARMA,HURTO,HURTO ABIGEATO,1,0
SANTANDER,GIRÓN,2023-07-07,2023,7,7,3,2023-07,4,0,FEMENINO,1,ADULTOS,ADULTO,SIN EMPLEO DE ARMAS,SIN_ARMA,HURTO,HURTO ABIGEATO,1,1
SANTANDER,CONCEPCIÓN,2023-08-02,2023,8,2,3,2023-08,2,0,FEMENINO,1,ADULTOS,ADULTO,SIN EMPLEO DE ARMAS,SIN_ARMA,HURTO,HURTO ABIGEATO,1,0
SANTANDER,BARRANCABERMEJA,2023-07-02,2023,7,2,3,2023-07,6,1,MASCULINO,0,ADULTOS,ADULTO,SIN EMPLEO DE ARMAS,SIN_ARMA,HURTO,HURTO ABIGEATO,1,0
SANTANDER,CIMITARRA,2023-09-11,2023,9,11,3,2023-09,0,0,MASCULINO,0,ADULTOS,ADULTO,SIN EMPLEO DE ARMAS,SIN_ARMA,HURTO,HURTO ABIGEATO,1,0
SANTANDER,CIMITARRA,2023-06-14,2023,6,14,2,2023-06,2,0,MASCULINO,0,ADULTOS,ADULTO,SIN EMPLEO DE ARMAS,SIN_ARMA,HURTO,HURTO ABIGEATO,1,0
SANTANDER,CERRITO,2023-09-21,2023,9,21,3,2023-09,3,0,MASCULINO,0,ADULTOS,ADULTO,SIN EMPLEO DE ARMAS,SIN_ARMA,HURTO,HURTO ABIGEATO,1,0
SANTANDER,BARRANCABERMEJA,2023-10-11,2023,10,11,4,2023-10,2,0,FEMENINO,1,ADULTOS,ADULTO,SIN EMPLEO DE ARMAS,SIN_ARMA,HURTO,HURTO ABIGEATO,1,0
SANTANDER,CIMITARRA,2023-10-23,2023,10,23,4,2023-10,0,0,MASCULINO,0,ADULTOS,ADULTO,SIN EMPLEO DE ARMAS,SIN_ARMA,HURTO,HURTO ABIGEATO,1,0
SANTANDER,CIMITARRA,2023-09-29,2023,9,29,3,2023-09,4,0,MASCULINO,0,ADULTOS,ADULTO,SIN EMPLEO DE ARMAS,SIN_ARMA,HURTO,HURTO ABIGEATO,1,0
SANTANDER,MOGOTES,2023-10-26,2023,10,26,4,2023-10,3,0,MASCULINO,0,ADULTOS,ADULTO,SIN EMPLEO DE ARMAS,SIN_ARMA,HURTO,HURTO ABIGEATO,1,0
SANTANDER,BARRANCABERMEJA,2023-07-04,2023,7,4,3,2023-07,1,0,FEMENINO,1,ADULTOS,ADULTO,SIN EMPLEO DE ARMAS,SIN_ARMA,HURTO,HURTO ABIGEATO,1,0
SANTANDER,SURATÁ,2023-11-02,2023,11,2,4,2023-11,3,0,MASCULINO,0,ADULTOS,ADULTO,SIN EMPLEO DE ARMAS,SIN_ARMA,HURTO,HURTO ABIGEATO,1,0
SANTANDER,GAMBITA,2023-11-18,2023,11,18,4,2023-11,5,1,MASCULINO,0,ADULTOS,ADULTO,SIN EMPLEO DE ARMAS,SIN_ARMA,HURTO,HURTO ABIGEATO,1,0
SANTANDER,GAMBITA,2023-11-18,2023,11,18,4,2023-11,5,1,MASCULINO,0,ADULTOS,ADULTO,SIN EMPLEO DE ARMAS,SIN_ARMA,HURTO,HURTO ABIGEATO,1,0
SANTANDER,BARBOSA,2023-11-30,2023,11,30,4,2023-11,3,0,MASCULINO,0,ADULTOS,ADULTO,SIN EMPLEO DE ARMAS,SIN_ARMA,HURTO,HURTO ABIGEATO,1,0
SANTANDER,BARRANCABERMEJA,2023-09-10,2023,9,10,3,2023-09,6,1,MASCULINO,0,ADULTOS,ADULTO,SIN EMPLEO DE ARMAS,SIN_ARMA,HURTO,HURTO ABIGEATO,1,0
SANTANDER,PUERTO PARRA,2023-11-22,2023,11,22,4,2023-11,2,0,MASCULINO,0,ADULTOS,ADULTO,SIN EMPLEO DE ARMAS,SIN_ARMA,HURTO,HURTO ABIGEATO,1,0
SANTANDER,MOGOTES,2023-12-07,2023,12,7,4,2023-12,3,0,MASCULINO,0,ADULTOS,ADULTO,SIN EMPLEO DE ARMAS,SIN_ARMA,HURTO,HURTO ABIGEATO,1,0
SANTANDER,MOGOTES,2023-02-27,2023,2,27,1,2023-02,0,0,MASCULINO,0,ADULTOS,ADULTO,SIN EMPLEO DE ARMAS,SIN_ARMA,HURTO,HURTO ABIGEATO,1,0
SANTANDER,VÉLEZ,2023-07-12,2023,7,12,3,2023-07,2,0,MASCULINO,0,ADULTOS,ADULTO,SIN EMPLEO DE ARMAS,SIN_ARMA,HURTO,HURTO ABIGEATO,1,0
SANTANDER,CURITÍ,2023-07-14,2023,7,14,3,2023-07,4,0,MASCULINO,0,ADULTOS,ADULTO,SIN EMPLEO DE ARMAS,SIN_ARMA,HURTO,HURTO ABIGEATO,1,0
SANTANDER,GAMBITA,2023-11-16,2023,11,16,4,2023-11,3,0,MASCULINO,0,ADULTOS,ADULTO,SIN EMPLEO DE ARMAS,SIN_ARMA,HURTO,HURTO ABIGEATO,1,0
SANTANDER,CIMITARRA,2023-10-31,2023,10,31,4,2023-10,1,0,MASCULINO,0,ADULTOS,ADULTO,SIN EMPLEO DE ARMAS,SIN_ARMA,HURTO,HURTO ABIGEATO,1,0
SANTANDER,PALMAS DEL SOCORRO,2023-09-29,2023,9,29,3,2023-09,4,0,MASCULINO,0,ADULTOS,ADULTO,SIN EMPLEO DE ARMAS,SIN_ARMA,HURTO,HURTO ABIGEATO,1,0
SANTANDER,SUAITA,2023-05-20,2023,5,20,2,2023-05,5,1,MASCULINO,0,ADULTOS,ADULTO,SIN EMPLEO DE ARMAS,SIN_ARMA,HURTO,HURTO ABIGEATO,1,0
SANTANDER,CIMITARRA,2023-07-19,2023,7,19,3,2023-07,2,0,MASCULINO,0,ADULTOS,ADULTO,SIN EMPLEO DE ARMAS,SIN_ARMA,HURTO,HURTO ABIGEATO,1,0
SANTANDER,SAN VICENTE DE CHUCURÍ,2023-09-15,2023,9,15,3,2023-09,4,0,MASCULINO,0,ADULTOS,ADULTO,SIN EMPLEO DE ARMAS,SIN_ARMA,HURTO,HURTO ABIGEATO,1,0
SANTANDER,COROMORO,2023-07-20,2023,7,20,3,2023-07,3,0,FEMENINO,1,ADULTOS,ADULTO,SIN EMPLEO DE ARMAS,SIN_ARMA,HURTO,HURTO ABIGEATO,1,0
SANTANDER,MACARAVITA,2023-09-15,2023,9,15,3,2023-09,4,0,FEMENINO,1,ADULTOS,ADULTO,SIN EMPLEO DE ARMAS,SIN_ARMA,HURTO,HURTO ABIGEATO,1,0
SANTANDER,MOLAGAVITA,2023-09-02,2023,9,2,3,2023-09,5,1,MASCULINO,0,ADULTOS,ADULTO,SIN EMPLEO DE ARMAS,SIN_ARMA,HURTO,HURTO ABIGEATO,1,0
SANTANDER,CURITÍ,2023-08-11,2023,8,11,3,2023-08,4,0,MASCULINO,0,ADULTOS,ADULTO,SIN EMPLEO DE ARMAS,SIN_ARMA,HURTO,HURTO ABIGEATO,1,0
SANTANDER,PUERTO PARRA,2024-01-19,2024,1,19,1,2024-01,4,0,MASCULINO,0,ADULTOS,ADULTO,SIN EMPLEO DE ARMAS,SIN_ARMA,HURTO,HURTO ABIGEATO,1,0
SANTANDER,CERRITO,2023-08-15,2023,8,15,3,2023-08,1,0,MASCULINO,0,ADULTOS,ADULTO,SIN EMPLEO DE ARMAS,SIN_ARMA,HURTO,HURTO ABIGEATO,1,0
SANTANDER,PUERTO WILCHES,2024-02-08,2024,2,8,1,2024-02,3,0,MASCULINO,0,ADULTOS,ADULTO,SIN EMPLEO DE ARMAS,SIN_ARMA,HURTO,HURTO ABIGEATO,1,0
SANTANDER,PUERTO WILCHES,2024-02-08,2024,2,8,1,2024-02,3,0,MASCULINO,0,ADULTOS,ADULTO,SIN EMPLEO DE ARMAS,SIN_ARMA,HURTO,HURTO ABIGEATO,1,0
SANTANDER,BARRANCABERMEJA,2024-01-10,2024,1,10,1,2024-01,2,0,MASCULINO,0,ADULTOS,ADULTO,SIN EMPLEO DE ARMAS,SIN_ARMA,HURTO,HURTO ABIGEATO,1,0
SANTANDER,VÉLEZ,2024-02-14,2024,2,14,1,2024-02,2,0,FEMENINO,1,ADULTOS,ADULTO,SIN EMPLEO DE ARMAS,SIN_ARMA,HURTO,HURTO ABIGEATO,1,0
SANTANDER,BUCARAMANGA (CT),2024-03-01,2024,3,1,1,2024-03,4,0,FEMENINO,1,ADULTOS,ADULTO,SIN EMPLEO DE ARMAS,SIN_ARMA,HURTO,HURTO ABIGEATO,1,1
SANTANDER,PUERTO WILCHES,2024-03-15,2024,3,15,1,2024-03,4,0,MASCULINO,0,ADULTOS,ADULTO,SIN EMPLEO DE ARMAS,SIN_ARMA,HURTO,HURTO ABIGEATO,1,0
SANTANDER,PUERTO WILCHES,2024-03-15,2024,3,15,1,2024-03,4,0,MASCULINO,0,ADULTOS,ADULTO,SIN EMPLEO DE ARMAS,SIN_ARMA,HURTO,HURTO ABIGEATO,1,0
SANTANDER,PALMAS DEL SOCORRO,2023-01-13,2023,1,13,1,2023-01,4,0,FEMENINO,1,ADULTOS,ADULTO,SIN EMPLEO DE ARMAS,SIN_ARMA,HURTO,HURTO ABIGEATO,1,0
SANTANDER,SAN VICENTE DE CHUCURÍ,2024-03-23,2024,3,23,1,2024-03,5,1,MASCULINO,0,ADULTOS,ADULTO,SIN EMPLEO DE ARMAS,SIN_ARMA,HURTO,HURTO ABIGEATO,1,0
SANTANDER,VÉLEZ,2024-03-22,2024,3,22,1,2024-03,4,0,MASCULINO,0,ADULTOS,ADULTO,SIN EMPLEO DE ARMAS,SIN_ARMA,HURTO,HURTO ABIGEATO,1,0
SANTANDER,BOLÍVAR,2024-03-13,2024,3,13,1,2024-03,2,0,MASCULINO,0,ADULTOS,ADULTO,SIN EMPLEO DE ARMAS,SIN_ARMA,HURTO,HURTO ABIGEATO,1,0
SANTANDER,BARRANCABERMEJA,2024-01-28,2024,1,28,1,2024-01,6,1,MASCULINO,0,ADULTOS,ADULTO,SIN EMPLEO DE ARMAS,SIN_ARMA,HURTO,HURTO ABIGEATO,1,0
SANTANDER,RIONEGRO,2024-04-15,2024,4,15,2,2024-04,0,0,MASCULINO,0,ADULTOS,ADULTO,SIN EMPLEO DE ARMAS,SIN_ARMA,HURTO,HURTO ABIGEATO,1,0
SANTANDER,SABANA DE TORRES,2024-04-20,2024,4,20,2,2024-04,5,1,MASCULINO,0,ADULTOS,ADULTO,SIN EMPLEO DE ARMAS,SIN_ARMA,HURTO,HURTO ABIGEATO,1,0
SANTANDER,VILLANUEVA,2024-02-05,2024,2,5,1,2024-02,0,0,MASCULINO,0,ADULTOS,ADULTO,SIN EMPLEO DE ARMAS,SIN_ARMA,HURTO,HURTO ABIGEATO,1,0
SANTANDER,GUAVATÁ,2024-02-12,2024,2,12,1,2024-02,0,0,FEMENINO,1,ADULTOS,ADULTO,SIN EMPLEO DE ARMAS,SIN_ARMA,HURTO,HURTO ABIGEATO,1,0
SANTANDER,SAN GIL,2024-04-02,2024,4,2,2,2024-04,1,0,FEMENINO,1,ADULTOS,ADULTO,SIN EMPLEO DE ARMAS,SIN_ARMA,HURTO,HURTO ABIGEATO,1,0
SANTANDER,BARRANCABERMEJA,2024-05-28,2024,5,28,2,2024-05,1,0,FEMENINO,1,ADULTOS,ADULTO,SIN EMPLEO DE ARMAS,SIN_ARMA,HURTO,HURTO ABIGEATO,1,0
SANTANDER,BARRANCABERMEJA,2024-04-27,2024,4,27,2,2024-04,5,1,MASCULINO,0,ADULTOS,ADULTO,SIN EMPLEO DE ARMAS,SIN_ARMA,HURTO,HURTO ABIGEATO,1,0
SANTANDER,SAN VICENTE DE CHUCURÍ,2024-02-13,2024,2,13,1,2024-02,1,0,MASCULINO,0,ADULTOS,ADULTO,SIN EMPLEO DE ARMAS,SIN_ARMA,HURTO,HURTO ABIGEATO,1,0
SANTANDER,PIEDECUESTA,2024-03-22,2024,3,22,1,2024-03,4,0,MASCULINO,0,ADULTOS,ADULTO,SIN EMPLEO DE ARMAS,SIN_ARMA,HURTO,HURTO ABIGEATO,1,1
SANTANDER,BARRANCABERMEJA,2024-02-02,2024,2,2,1,2024-02,4,0,MASCULINO,0,ADULTOS,ADULTO,SIN EMPLEO DE ARMAS,SIN_ARMA,HURTO,HURTO ABIGEATO,1,0
SANTANDER,SOCORRO,2024-06-05,2024,6,5,2,2024-06,2,0,MASCULINO,0,ADULTOS,ADULTO,SIN EMPLEO DE ARMAS,SIN_ARMA,HURTO,HURTO ABIGEATO,1,0
SANTANDER,PUERTO WILCHES,2024-03-16,2024,3,16,1,2024-03,5,1,MASCULINO,0,ADULTOS,ADULTO,SIN EMPLEO DE ARMAS,SIN_ARMA,HURTO,HURTO ABIGEATO,1,0
SANTANDER,CIMITARRA,2024-02-06,2024,2,6,1,2024-02,1,0,MASCULINO,0,ADULTOS,ADULTO,SIN EMPLEO DE ARMAS,SIN_ARMA,HURTO,HURTO ABIGEATO,1,0
SANTANDER,VILLANUEVA,2024-02-06,2024,2,6,1,2024-02,1,0,MASCULINO,0,ADULTOS,ADULTO,SIN EMPLEO DE ARMAS,SIN_ARMA,HURTO,HURTO ABIGEATO,1,0
SANTANDER,SIMACOTA,2024-02-17,2024,2,17,1,2024-02,5,1,MASCULINO,0,ADULTOS,ADULTO,SIN EMPLEO DE ARMAS,SIN_ARMA,HURTO,HURTO ABIGEATO,1,0
SANTANDER,CIMITARRA,2024-06-16,2024,6,16,2,2024-06,6,1,MASCULINO,0,ADULTOS,ADULTO,SIN EMPLEO DE ARMAS,SIN_ARMA,HURTO,HURTO ABIGEATO,1,0
SANTANDER,GAMBITA,2024-07-07,2024,7,7,3,2024-07,6,1,MASCULINO,0,ADULTOS,ADULTO,SIN EMPLEO DE ARMAS,SIN_ARMA,HURTO,HURTO ABIGEATO,1,0
SANTANDER,CIMITARRA,2024-04-12,2024,4,12,2,2024-04,4,0,MASCULINO,0,ADULTOS,ADULTO,SIN EMPLEO DE ARMAS,SIN_ARMA,HURTO,HURTO ABIGEATO,1,0
SANTANDER,BARBOSA,2024-07-15,2024,7,15,3,2024-07,0,0,MASCULINO,0,ADULTOS,ADULTO,SIN EMPLEO DE ARMAS,SIN_ARMA,HURTO,HURTO ABIGEATO,1,0
SANTANDER,PUERTO WILCHES,2024-02-05,2024,2,5,1,2024-02,0,0,MASCULINO,0,ADULTOS,ADULTO,SIN EMPLEO DE ARMAS,SIN_ARMA,HURTO,HURTO ABIGEATO,1,0
SANTANDER,GIRÓN,2024-06-03,2024,6,3,2,2024-06,0,0,FEMENINO,1,ADULTOS,ADULTO,SIN EMPLEO DE ARMAS,SIN_ARMA,HURTO,HURTO ABIGEATO,1,1
SANTANDER,SABANA DE TORRES,2024-07-25,2024,7,25,3,2024-07,3,0,MASCULINO,0,ADULTOS,ADULTO,SIN EMPLEO DE ARMAS,SIN_ARMA,HURTO,HURTO ABIGEATO,1,0
SANTANDER,CIMITARRA,2024-08-01,2024,8,1,3,2024-08,3,0,MASCULINO,0,ADULTOS,ADULTO,SIN EMPLEO DE ARMAS,SIN_ARMA,HURTO,HURTO ABIGEATO,1,0
SANTANDER,PUERTO WILCHES,2024-08-09,2024,8,9,3,2024-08,4,0,MASCULINO,0,ADULTOS,ADULTO,SIN EMPLEO DE ARMAS,SIN_ARMA,HURTO,HURTO ABIGEATO,1,0
SANTANDER,CIMITARRA,2024-08-14,2024,8,14,3,2024-08,2,0,MASCULINO,0,ADULTOS,ADULTO,SIN EMPLEO DE ARMAS,SIN_ARMA,HURTO,HURTO ABIGEATO,1,0
SANTANDER,PUERTO WILCHES,2024-06-05,2024,6,5,2,2024-06,2,0,FEMENINO,1,ADULTOS,ADULTO,SIN EMPLEO DE ARMAS,SIN_ARMA,HURTO,HURTO ABIGEATO,1,0
SANTANDER,ARATOCA,2024-08-21,2024,8,21,3,2024-08,2,0,MASCULINO,0,ADULTOS,ADULTO,SIN EMPLEO DE ARMAS,SIN_ARMA,HURTO,HURTO ABIGEATO,1,0
SANTANDER,HATO,2024-07-05,2024,7,5,3,2024-07,4,0,MASCULINO,0,ADULTOS,ADULTO,SIN EMPLEO DE ARMAS,SIN_ARMA,HURTO,HURTO ABIGEATO,1,0
SANTANDER,CHARALÁ,2024-10-12,2024,10,12,4,2024-10,5,1,MASCULINO,0,ADULTOS,ADULTO,SIN EMPLEO DE ARMAS,SIN_ARMA,HURTO,HURTO ABIGEATO,1,0
SANTANDER,SANTA HELENA DEL OPÓN,2024-09-30,2024,9,30,3,2024-09,0,0,FEMENINO,1,ADULTOS,ADULTO,SIN EMPLEO DE ARMAS,SIN_ARMA,HURTO,HURTO ABIGEATO,1,0
SANTANDER,VÉLEZ,2024-11-01,2024,11,1,4,2024-11,4,0,MASCULINO,0,ADULTOS,ADULTO,SIN EMPLEO DE ARMAS,SIN_ARMA,HURTO,HURTO ABIGEATO,1,0
SANTANDER,GAMBITA,2024-11-05,2024,11,5,4,2024-11,1,0,MASCULINO,0,ADULTOS,ADULTO,SIN EMPLEO DE ARMAS,SIN_ARMA,HURTO,HURTO ABIGEATO,1,0
SANTANDER,SABANA DE TORRES,2024-07-29,2024,7,29,3,2024-07,0,0,MASCULINO,0,ADULTOS,ADULTO,SIN EMPLEO DE ARMAS,SIN_ARMA,HURTO,HURTO ABIGEATO,1,0
SANTANDER,RIONEGRO,2024-08-04,2024,8,4,3,2024-08,6,1,FEMENINO,1,ADULTOS,ADULTO,SIN EMPLEO DE ARMAS,SIN_ARMA,HURTO,HURTO ABIGEATO,1,0
SANTANDER,RIONEGRO,2024-09-04,2024,9,4,3,2024-09,2,0,MASCULINO,0,ADULTOS,ADULTO,SIN EMPLEO DE ARMAS,SIN_ARMA,HURTO,HURTO ABIGEATO,1,0
SANTANDER,SIMACOTA,2024-09-08,2024,9,8,3,2024-09,6,1,MASCULINO,0,ADULTOS,ADULTO,SIN EMPLEO DE ARMAS,SIN_ARMA,HURTO,HURTO ABIGEATO,1,0
SANTANDER,CIMITARRA,2024-06-29,2024,6,29,2,2024-06,5,1,MASCULINO,0,ADULTOS,ADULTO,SIN EMPLEO DE ARMAS,SIN_ARMA,HURTO,HURTO ABIGEATO,1,0
SANTANDER,BOLÍVAR,2024-06-29,2024,6,29,2,2024-06,5,1,FEMENINO,1,ADULTOS,ADULTO,SIN EMPLEO DE ARMAS,SIN_ARMA,HURTO,HURTO ABIGEATO,1,0
SANTANDER,SAN VICENTE DE CHUCURÍ,2024-06-23,2024,6,23,2,2024-06,6,1,FEMENINO,1,ADULTOS,ADULTO,SIN EMPLEO DE ARMAS,SIN_ARMA,HURTO,HURTO ABIGEATO,1,0
SANTANDER,SAN VICENTE DE CHUCURÍ,2024-06-22,2024,6,22,2,2024-06,5,1,FEMENINO,1,ADULTOS,ADULTO,SIN EMPLEO DE ARMAS,SIN_ARMA,HURTO,HURTO ABIGEATO,1,0
SANTANDER,SOCORRO,2024-04-28,2024,4,28,2,2024-04,6,1,MASCULINO,0,ADULTOS,ADULTO,SIN EMPLEO DE ARMAS,SIN_ARMA,HURTO,HURTO ABIGEATO,1,0
SANTANDER,PUERTO WILCHES,2024-12-07,2024,12,7,4,2024-12,5,1,MASCULINO,0,ADULTOS,ADULTO,SIN EMPLEO DE ARMAS,SIN_ARMA,HURTO,HURTO ABIGEATO,1,0
SANTANDER,PIEDECUESTA,2022-04-18,2022,4,18,2,2022-04,0,0,MASCULINO,0,ADULTOS,ADULTO,SIN EMPLEO DE ARMAS,SIN_ARMA,HURTO,HURTO ABIGEATO,1,1
SANTANDER,CIMITARRA,2022-05-27,2022,5,27,2,2022-05,4,0,MASCULINO,0,ADULTOS,ADULTO,SIN EMPLEO DE ARMAS,SIN_ARMA,HURTO,HURTO ABIGEATO,1,0
SANTANDER,BARRANCABERMEJA,2022-06-30,2022,6,30,2,2022-06,3,0,MASCULINO,0,ADULTOS,ADULTO,SIN EMPLEO DE ARMAS,SIN_ARMA,HURTO,HURTO ABIGEATO,1,0
SANTANDER,CEPITÁ,2022-06-30,2022,6,30,2,2022-06,3,0,FEMENINO,1,ADULTOS,ADULTO,SIN EMPLEO DE ARMAS,SIN_ARMA,HURTO,HURTO ABIGEATO,1,0
SANTANDER,CIMITARRA,2022-06-29,2022,6,29,2,2022-06,2,0,MASCULINO,0,ADULTOS,ADULTO,SIN EMPLEO DE ARMAS,SIN_ARMA,HURTO,HURTO ABIGEATO,1,0
SANTANDER,PIEDECUESTA,2022-06-24,2022,6,24,2,2022-06,4,0,MASCULINO,0,ADULTOS,ADULTO,SIN EMPLEO DE ARMAS,SIN_ARMA,HURTO,HURTO ABIGEATO,1,1
SANTANDER,BUCARAMANGA (CT),2022-04-08,2022,4,8,2,2022-04,4,0,FEMENINO,1,ADULTOS,ADULTO,SIN EMPLEO DE ARMAS,SIN_ARMA,HURTO,HURTO ABIGEATO,1,1
SANTANDER,CHARALÁ,2022-06-30,2022,6,30,2,2022-06,3,0,MASCULINO,0,ADULTOS,ADULTO,SIN EMPLEO DE ARMAS,SIN_ARMA,HURTO,HURTO ABIGEATO,1,0
SANTANDER,PUERTO WILCHES,2022-07-20,2022,7,20,3,2022-07,2,0,MASCULINO,0,ADULTOS,ADULTO,SIN EMPLEO DE ARMAS,SIN_ARMA,HURTO,HURTO ABIGEATO,1,0
SANTANDER,PUERTO WILCHES,2022-05-06,2022,5,6,2,2022-05,4,0,FEMENINO,1,ADULTOS,ADULTO,SIN EMPLEO DE ARMAS,SIN_ARMA,HURTO,HURTO ABIGEATO,1,0
SANTANDER,PUERTO WILCHES,2022-06-15,2022,6,15,2,2022-06,2,0,MASCULINO,0,ADULTOS,ADULTO,SIN EMPLEO DE ARMAS,SIN_ARMA,HURTO,HURTO ABIGEATO,1,0
SANTANDER,BARRANCABERMEJA,2022-06-18,2022,6,18,2,2022-06,5,1,MASCULINO,0,ADULTOS,ADULTO,SIN EMPLEO DE ARMAS,SIN_ARMA,HURTO,HURTO ABIGEATO,1,0
SANTANDER,PALMAS DEL SOCORRO,2022-07-31,2022,7,31,3,2022-07,6,1,FEMENINO,1,ADULTOS,ADULTO,SIN EMPLEO DE ARMAS,SIN_ARMA,HURTO,HURTO ABIGEATO,1,0
SANTANDER,OIBA,2022-05-13,2022,5,13,2,2022-05,4,0,MASCULINO,0,ADULTOS,ADULTO,SIN EMPLEO DE ARMAS,SIN_ARMA,HURTO,HURTO ABIGEATO,1,0
SANTANDER,VÉLEZ,2022-06-22,2022,6,22,2,2022-06,2,0,MASCULINO,0,ADULTOS,ADULTO,SIN EMPLEO DE ARMAS,SIN_ARMA,HURTO,HURTO ABIGEATO,1,0
SANTANDER,PALMAR,2022-07-03,2022,7,3,3,2022-07,6,1,MASCULINO,0,ADULTOS,ADULTO,SIN EMPLEO DE ARMAS,SIN_ARMA,HURTO,HURTO ABIGEATO,1,0
SANTANDER,CHARALÁ,2022-06-29,2022,6,29,2,2022-06,2,0,MASCULINO,0,ADULTOS,ADULTO,SIN EMPLEO DE ARMAS,SIN_ARMA,HURTO,HURTO ABIGEATO,1,0
SANTANDER,CHARALÁ,2022-07-14,2022,7,14,3,2022-07,3,0,MASCULINO,0,ADULTOS,ADULTO,SIN EMPLEO DE ARMAS,SIN_ARMA,HURTO,HURTO ABIGEATO,1,0
SANTANDER,CIMITARRA,2022-07-24,2022,7,24,3,2022-07,6,1,MASCULINO,0,ADULTOS,ADULTO,SIN EMPLEO DE ARMAS,SIN_ARMA,HURTO,HURTO ABIGEATO,1,0
SANTANDER,SIMACOTA,2022-09-01,2022,9,1,3,2022-09,3,0,MASCULINO,0,ADULTOS,ADULTO,SIN EMPLEO DE ARMAS,SIN_ARMA,HURTO,HURTO ABIGEATO,1,0
SANTANDER,PUERTO WILCHES,2022-09-06,2022,9,6,3,2022-09,1,0,MASCULINO,0,ADULTOS,ADULTO,SIN EMPLEO DE ARMAS,SIN_ARMA,HURTO,HURTO ABIGEATO,1,0
SANTANDER,OIBA,2022-08-04,2022,8,4,3,2022-08,3,0,MASCULINO,0,ADULTOS,ADULTO,SIN EMPLEO DE ARMAS,SIN_ARMA,HURTO,HURTO ABIGEATO,1,0
SANTANDER,EL PEÑÓN,2022-09-25,2022,9,25,3,2022-09,6,1,MASCULINO,0,ADULTOS,ADULTO,SIN EMPLEO DE ARMAS,SIN_ARMA,HURTO,HURTO ABIGEATO,1,0
SANTANDER,SUAITA,2022-09-21,2022,9,21,3,2022-09,2,0,MASCULINO,0,ADULTOS,ADULTO,SIN EMPLEO DE ARMAS,SIN_ARMA,HURTO,HURTO ABIGEATO,1,0
SANTANDER,PUERTO PARRA,2022-09-05,2022,9,5,3,2022-09,0,0,FEMENINO,1,ADULTOS,ADULTO,SIN EMPLEO DE ARMAS,SIN_ARMA,HURTO,HURTO ABIGEATO,1,0
SANTANDER,VÉLEZ,2022-10-03,2022,10,3,4,2022-10,0,0,MASCULINO,0,ADULTOS,ADULTO,SIN EMPLEO DE ARMAS,SIN_ARMA,HURTO,HURTO ABIGEATO,1,0
SANTANDER,CIMITARRA,2022-09-10,2022,9,10,3,2022-09,5,1,MASCULINO,0,ADULTOS,ADULTO,SIN EMPLEO DE ARMAS,SIN_ARMA,HURTO,HURTO ABIGEATO,1,0
SANTANDER,PIEDECUESTA,2022-07-31,2022,7,31,3,2022-07,6,1,MASCULINO,0,ADULTOS,ADULTO,SIN EMPLEO DE ARMAS,SIN_ARMA,HURTO,HURTO ABIGEATO,1,1
SANTANDER,BARRANCABERMEJA,2022-06-29,2022,6,29,2,2022-06,2,0,FEMENINO,1,ADULTOS,ADULTO,SIN EMPLEO DE ARMAS,SIN_ARMA,HURTO,HURTO ABIGEATO,1,0
SANTANDER,CONCEPCIÓN,2022-08-04,2022,8,4,3,2022-08,3,0,FEMENINO,1,ADULTOS,ADULTO,SIN EMPLEO DE ARMAS,SIN_ARMA,HURTO,HURTO ABIGEATO,1,0
SANTANDER,BOLÍVAR,2022-09-30,2022,9,30,3,2022-09,4,0,MASCULINO,0,ADULTOS,ADULTO,SIN EMPLEO DE ARMAS,SIN_ARMA,HURTO,HURTO ABIGEATO,1,0
SANTANDER,BARRANCABERMEJA,2022-10-14,2022,10,14,4,2022-10,4,0,FEMENINO,1,ADULTOS,ADULTO,SIN EMPLEO DE ARMAS,SIN_ARMA,HURTO,HURTO ABIGEATO,1,0
SANTANDER,CIMITARRA,2022-08-22,2022,8,22,3,2022-08,0,0,MASCULINO,0,ADULTOS,ADULTO,SIN EMPLEO DE ARMAS,SIN_ARMA,HURTO,HURTO ABIGEATO,1,0
SANTANDER,CIMITARRA,2022-09-23,2022,9,23,3,2022-09,4,0,FEMENINO,1,ADULTOS,ADULTO,SIN EMPLEO DE ARMAS,SIN_ARMA,HURTO,HURTO ABIGEATO,1,0
SANTANDER,OIBA,2022-10-07,2022,10,7,4,2022-10,4,0,MASCULINO,0,ADULTOS,ADULTO,SIN EMPLEO DE ARMAS,SIN_ARMA,HURTO,HURTO ABIGEATO,1,0
SANTANDER,PUERTO WILCHES,2022-09-20,2022,9,20,3,2022-09,1,0,MASCULINO,0,ADULTOS,ADULTO,SIN EMPLEO DE ARMAS,SIN_ARMA,HURTO,HURTO ABIGEATO,1,0
SANTANDER,BARRANCABERMEJA,2022-10-02,2022,10,2,4,2022-10,6,1,FEMENINO,1,ADULTOS,ADULTO,SIN EMPLEO DE ARMAS,SIN_ARMA,HURTO,HURTO ABIGEATO,1,0
SANTANDER,BARRANCABERMEJA,2022-10-29,2022,10,29,4,2022-10,5,1,MASCULINO,0,ADULTOS,ADULTO,SIN EMPLEO DE ARMAS,SIN_ARMA,HURTO,HURTO ABIGEATO,1,0
SANTANDER,CIMITARRA,2022-11-01,2022,11,1,4,2022-11,1,0,FEMENINO,1,ADULTOS,ADULTO,SIN EMPLEO DE ARMAS,SIN_ARMA,HURTO,HURTO ABIGEATO,1,0
SANTANDER,BARRANCABERMEJA,2022-10-10,2022,10,10,4,2022-10,0,0,MASCULINO,0,ADULTOS,ADULTO,SIN EMPLEO DE ARMAS,SIN_ARMA,HURTO,HURTO ABIGEATO,1,0
SANTANDER,PUERTO PARRA,2022-10-07,2022,10,7,4,2022-10,4,0,MASCULINO,0,ADULTOS,ADULTO,SIN EMPLEO DE ARMAS,SIN_ARMA,HURTO,HURTO ABIGEATO,1,0
SANTANDER,LEBRIJA,2022-10-16,2022,10,16,4,2022-10,6,1,MASCULINO,0,ADULTOS,ADULTO,SIN EMPLEO DE ARMAS,SIN_ARMA,HURTO,HURTO ABIGEATO,1,1
SANTANDER,PIEDECUESTA,2022-11-08,2022,11,8,4,2022-11,1,0,MASCULINO,0,ADULTOS,ADULTO,SIN EMPLEO DE ARMAS,SIN_ARMA,HURTO,HURTO ABIGEATO,1,1
SANTANDER,BARRANCABERMEJA,2022-11-08,2022,11,8,4,2022-11,1,0,MASCULINO,0,ADULTOS,ADULTO,SIN EMPLEO DE ARMAS,SIN_ARMA,HURTO,HURTO ABIGEATO,1,0
SANTANDER,LEBRIJA,2022-10-16,2022,10,16,4,2022-10,6,1,MASCULINO,0,ADULTOS,ADULTO,SIN EMPLEO DE ARMAS,SIN_ARMA,HURTO,HURTO ABIGEATO,1,1
SANTANDER,BARRANCABERMEJA,2022-11-20,2022,11,20,4,2022-11,6,1,MASCULINO,0,ADULTOS,ADULTO,SIN EMPLEO DE ARMAS,SIN_ARMA,HURTO,HURTO ABIGEATO,1,0
SANTANDER,PUERTO PARRA,2022-12-05,2022,12,5,4,2022-12,0,0,MASCULINO,0,ADULTOS,ADULTO,SIN EMPLEO DE ARMAS,SIN_ARMA,HURTO,HURTO ABIGEATO,1,0
SANTANDER,PUERTO PARRA,2022-11-06,2022,11,6,4,2022-11,6,1,FEMENINO,1,ADULTOS,ADULTO,SIN EMPLEO DE ARMAS,SIN_ARMA,HURTO,HURTO ABIGEATO,1,0
SANTANDER,BARRANCABERMEJA,2022-11-08,2022,11,8,4,2022-11,1,0,MASCULINO,0,ADULTOS,ADULTO,SIN EMPLEO DE ARMAS,SIN_ARMA,HURTO,HURTO ABIGEATO,1,0
SANTANDER,PUERTO WILCHES,2022-11-12,2022,11,12,4,2022-11,5,1,MASCULINO,0,ADULTOS,ADULTO,SIN EMPLEO DE ARMAS,SIN_ARMA,HURTO,HURTO ABIGEATO,1,0
SANTANDER,GAMBITA,2022-11-13,2022,11,13,4,2022-11,6,1,MASCULINO,0,ADULTOS,ADULTO,SIN EMPLEO DE ARMAS,SIN_ARMA,HURTO,HURTO ABIGEATO,1,0
SANTANDER,SABANA DE TORRES,2022-10-03,2022,10,3,4,2022-10,0,0,MASCULINO,0,ADULTOS,ADULTO,SIN EMPLEO DE ARMAS,SIN_ARMA,HURTO,HURTO ABIGEATO,1,0
SANTANDER,BARBOSA,2022-12-27,2022,12,27,4,2022-12,1,0,MASCULINO,0,ADULTOS,ADULTO,SIN EMPLEO DE ARMAS,SIN_ARMA,HURTO,HURTO ABIGEATO,1,0
SANTANDER,CIMITARRA,2022-12-23,2022,12,23,4,2022-12,4,0,MASCULINO,0,ADULTOS,ADULTO,SIN EMPLEO DE ARMAS,SIN_ARMA,HURTO,HURTO ABIGEATO,1,0
SANTANDER,SABANA DE TORRES,2023-01-09,2023,1,9,1,2023-01,0,0,MASCULINO,0,ADULTOS,ADULTO,SIN EMPLEO DE ARMAS,SIN_ARMA,HURTO,HURTO ABIGEATO,1,0
SANTANDER,SUCRE,2022-08-18,2022,8,18,3,2022-08,3,0,MASCULINO,0,ADULTOS,ADULTO,SIN EMPLEO DE ARMAS,SIN_ARMA,HURTO,HURTO ABIGEATO,1,0
SANTANDER,CHARALÁ,2022-08-16,2022,8,16,3,2022-08,1,0,MASCULINO,0,ADULTOS,ADULTO,SIN EMPLEO DE ARMAS,SIN_ARMA,HURTO,HURTO ABIGEATO,1,0
SANTANDER,PUENTE NACIONAL,2023-01-18,2023,1,18,1,2023-01,2,0,MASCULINO,0,ADULTOS,ADULTO,SIN EMPLEO DE ARMAS,SIN_ARMA,HURTO,HURTO ABIGEATO,1,0
SANTANDER,BARRANCABERMEJA,2023-01-12,2023,1,12,1,2023-01,3,0,FEMENINO,1,ADULTOS,ADULTO,SIN EMPLEO DE ARMAS,SIN_ARMA,HURTO,HURTO ABIGEATO,1,0
SANTANDER,BARRANCABERMEJA,2023-02-09,2023,2,9,1,2023-02,3,0,MASCULINO,0,ADULTOS,ADULTO,SIN EMPLEO DE ARMAS,SIN_ARMA,HURTO,HURTO ABIGEATO,1,0
SANTANDER,GUACA,2023-01-20,2023,1,20,1,2023-01,4,0,FEMENINO,1,ADULTOS,ADULTO,SIN EMPLEO DE ARMAS,SIN_ARMA,HURTO,HURTO ABIGEATO,1,0
SANTANDER,GUACA,2023-01-18,2023,1,18,1,2023-01,2,0,MASCULINO,0,ADULTOS,ADULTO,SIN EMPLEO DE ARMAS,SIN_ARMA,HURTO,HURTO ABIGEATO,1,0
SANTANDER,TONA,2022-12-13,2022,12,13,4,2022-12,1,0,MASCULINO,0,ADULTOS,ADULTO,SIN EMPLEO DE ARMAS,SIN_ARMA,HURTO,HURTO ABIGEATO,1,0
SANTANDER,SABANA DE TORRES,2023-02-19,2023,2,19,1,2023-02,6,1,FEMENINO,1,ADULTOS,ADULTO,SIN EMPLEO DE ARMAS,SIN_ARMA,HURTO,HURTO ABIGEATO,1,0
SANTANDER,BARRANCABERMEJA,2023-03-17,2023,3,17,1,2023-03,4,0,MASCULINO,0,ADULTOS,ADULTO,SIN EMPLEO DE ARMAS,SIN_ARMA,HURTO,HURTO ABIGEATO,1,0
SANTANDER,CURITÍ,2023-03-25,2023,3,25,1,2023-03,5,1,MASCULINO,0,ADULTOS,ADULTO,SIN EMPLEO DE ARMAS,SIN_ARMA,HURTO,HURTO ABIGEATO,1,0
SANTANDER,CERRITO,2023-04-19,2023,4,19,2,2023-04,2,0,MASCULINO,0,ADULTOS,ADULTO,SIN EMPLEO DE ARMAS,SIN_ARMA,HURTO,HURTO ABIGEATO,1,0
SANTANDER,CERRITO,2023-04-21,2023,4,21,2,2023-04,4,0,MASCULINO,0,ADULTOS,ADULTO,SIN EMPLEO DE ARMAS,SIN_ARMA,HURTO,HURTO ABIGEATO,1,0
SANTANDER,FLORIÁN,2023-03-05,2023,3,5,1,2023-03,6,1,MASCULINO,0,ADULTOS,ADULTO,SIN EMPLEO DE ARMAS,SIN_ARMA,HURTO,HURTO ABIGEATO,1,0
SANTANDER,CURITÍ,2023-03-03,2023,3,3,1,2023-03,4,0,MASCULINO,0,ADULTOS,ADULTO,SIN EMPLEO DE ARMAS,SIN_ARMA,HURTO,HURTO ABIGEATO,1,0
SANTANDER,SIMACOTA,2023-04-19,2023,4,19,2,2023-04,2,0,MASCULINO,0,ADULTOS,ADULTO,SIN EMPLEO DE ARMAS,SIN_ARMA,HURTO,HURTO ABIGEATO,1,0
SANTANDER,PUERTO PARRA,2021-02-12,2021,2,12,1,2021-02,4,0,MASCULINO,0,ADULTOS,ADULTO,SIN EMPLEO DE ARMAS,SIN_ARMA,HURTO,HURTO ABIGEATO,1,0
SANTANDER,EL PLAYÓN,2021-04-23,2021,4,23,2,2021-04,4,0,MASCULINO,0,ADULTOS,ADULTO,SIN EMPLEO DE ARMAS,SIN_ARMA,HURTO,HURTO ABIGEATO,1,0
SANTANDER,CIMITARRA,2021-05-17,2021,5,17,2,2021-05,0,0,MASCULINO,0,ADULTOS,ADULTO,SIN EMPLEO DE ARMAS,SIN_ARMA,HURTO,HURTO ABIGEATO,1,0
SANTANDER,SAN VICENTE DE CHUCURÍ,2021-06-15,2021,6,15,2,2021-06,1,0,MASCULINO,0,ADULTOS,ADULTO,SIN EMPLEO DE ARMAS,SIN_ARMA,HURTO,HURTO ABIGEATO,1,0
SANTANDER,CIMITARRA,2021-06-08,2021,6,8,2,2021-06,1,0,MASCULINO,0,ADULTOS,ADULTO,SIN EMPLEO DE ARMAS,SIN_ARMA,HURTO,HURTO ABIGEATO,1,0
SANTANDER,SAN VICENTE DE CHUCURÍ,2021-06-14,2021,6,14,2,2021-06,0,0,MASCULINO,0,ADULTOS,ADULTO,SIN EMPLEO DE ARMAS,SIN_ARMA,HURTO,HURTO ABIGEATO,1,0
SANTANDER,SAN VICENTE DE CHUCURÍ,2021-07-02,2021,7,2,3,2021-07,4,0,FEMENINO,1,ADULTOS,ADULTO,SIN EMPLEO DE ARMAS,SIN_ARMA,HURTO,HURTO ABIGEATO,1,0
SANTANDER,SUAITA,2021-06-08,2021,6,8,2,2021-06,1,0,MASCULINO,0,ADULTOS,ADULTO,SIN EMPLEO DE ARMAS,SIN_ARMA,HURTO,HURTO ABIGEATO,1,0
SANTANDER,VÉLEZ,2021-07-10,2021,7,10,3,2021-07,5,1,MASCULINO,0,ADULTOS,ADULTO,SIN EMPLEO DE ARMAS,SIN_ARMA,HURTO,HURTO ABIGEATO,1,0
SANTANDER,OCAMONTE,2021-08-01,2021,8,1,3,2021-08,6,1,FEMENINO,1,ADULTOS,ADULTO,SIN EMPLEO DE ARMAS,SIN_ARMA,HURTO,HURTO ABIGEATO,1,0
SANTANDER,PUERTO WILCHES,2021-07-21,2021,7,21,3,2021-07,2,0,FEMENINO,1,ADULTOS,ADULTO,SIN EMPLEO DE ARMAS,SIN_ARMA,HURTO,HURTO ABIGEATO,1,0
SANTANDER,SUAITA,2021-08-11,2021,8,11,3,2021-08,2,0,MASCULINO,0,ADULTOS,ADULTO,SIN EMPLEO DE ARMAS,SIN_ARMA,HURTO,HURTO ABIGEATO,1,0
SANTANDER,GUADALUPE,2021-06-22,2021,6,22,2,2021-06,1,0,FEMENINO,1,ADULTOS,ADULTO,SIN EMPLEO DE ARMAS,SIN_ARMA,HURTO,HURTO ABIGEATO,1,0
SANTANDER,SABANA DE TORRES,2021-07-18,2021,7,18,3,2021-07,6,1,MASCULINO,0,ADULTOS,ADULTO,SIN EMPLEO DE ARMAS,SIN_ARMA,HURTO,HURTO ABIGEATO,1,0
SANTANDER,BARRANCABERMEJA,2021-06-26,2021,6,26,2,2021-06,5,1,FEMENINO,1,ADULTOS,ADULTO,SIN EMPLEO DE ARMAS,SIN_ARMA,HURTO,HURTO ABIGEATO,1,0
SANTANDER,PUERTO PARRA,2021-07-26,2021,7,26,3,2021-07,0,0,MASCULINO,0,ADULTOS,ADULTO,SIN EMPLEO DE ARMAS,SIN_ARMA,HURTO,HURTO ABIGEATO,1,0
SANTANDER,ENCINO,2021-09-06,2021,9,6,3,2021-09,0,0,MASCULINO,0,ADULTOS,ADULTO,SIN EMPLEO DE ARMAS,SIN_ARMA,HURTO,HURTO ABIGEATO,1,0
SANTANDER,RIONEGRO,2021-07-25,2021,7,25,3,2021-07,6,1,MASCULINO,0,ADULTOS,ADULTO,SIN EMPLEO DE ARMAS,SIN_ARMA,HURTO,HURTO ABIGEATO,1,0
SANTANDER,BARRANCABERMEJA,2021-08-28,2021,8,28,3,2021-08,5,1,FEMENINO,1,ADULTOS,ADULTO,SIN EMPLEO DE ARMAS,SIN_ARMA,HURTO,HURTO ABIGEATO,1,0
SANTANDER,TONA,2021-07-18,2021,7,18,3,2021-07,6,1,FEMENINO,1,ADULTOS,ADULTO,SIN EMPLEO DE ARMAS,SIN_ARMA,HURTO,HURTO ABIGEATO,1,0
SANTANDER,GAMBITA,2021-08-19,2021,8,19,3,2021-08,3,0,MASCULINO,0,ADULTOS,ADULTO,SIN EMPLEO DE ARMAS,SIN_ARMA,HURTO,HURTO ABIGEATO,1,0
SANTANDER,GAMBITA,2021-08-25,2021,8,25,3,2021-08,2,0,MASCULINO,0,ADULTOS,ADULTO,SIN EMPLEO DE ARMAS,SIN_ARMA,HURTO,HURTO ABIGEATO,1,0
SANTANDER,BARBOSA,2021-09-04,2021,9,4,3,2021-09,5,1,MASCULINO,0,ADULTOS,ADULTO,SIN EMPLEO DE ARMAS,SIN_ARMA,HURTO,HURTO ABIGEATO,1,0
SANTANDER,BARRANCABERMEJA,2021-09-09,2021,9,9,3,2021-09,3,0,MASCULINO,0,ADULTOS,ADULTO,SIN EMPLEO DE ARMAS,SIN_ARMA,HURTO,HURTO ABIGEATO,1,0
SANTANDER,SANTA HELENA DEL OPÓN,2021-03-04,2021,3,4,1,2021-03,3,0,FEMENINO,1,ADULTOS,ADULTO,SIN EMPLEO DE ARMAS,SIN_ARMA,HURTO,HURTO ABIGEATO,1,0
SANTANDER,CIMITARRA,2021-08-22,2021,8,22,3,2021-08,6,1,MASCULINO,0,ADULTOS,ADULTO,SIN EMPLEO DE ARMAS,SIN_ARMA,HURTO,HURTO ABIGEATO,1,0
SANTANDER,VÉLEZ,2021-10-12,2021,10,12,4,2021-10,1,0,MASCULINO,0,ADULTOS,ADULTO,SIN EMPLEO DE ARMAS,SIN_ARMA,HURTO,HURTO ABIGEATO,1,0
SANTANDER,BARRANCABERMEJA,2021-10-23,2021,10,23,4,2021-10,5,1,FEMENINO,1,ADULTOS,ADULTO,SIN EMPLEO DE ARMAS,SIN_ARMA,HURTO,HURTO ABIGEATO,1,0
SANTANDER,CHARALÁ,2021-10-20,2021,10,20,4,2021-10,2,0,MASCULINO,0,ADULTOS,ADULTO,SIN EMPLEO DE ARMAS,SIN_ARMA,HURTO,HURTO ABIGEATO,1,0
SANTANDER,SAN MIGUEL,2021-11-10,2021,11,10,4,2021-11,2,0,MASCULINO,0,ADULTOS,ADULTO,SIN EMPLEO DE ARMAS,SIN_ARMA,HURTO,HURTO ABIGEATO,1,0
SANTANDER,LEBRIJA,2021-11-10,2021,11,10,4,2021-11,2,0,MASCULINO,0,ADULTOS,ADULTO,SIN EMPLEO DE ARMAS,SIN_ARMA,HURTO,HURTO ABIGEATO,1,1
SANTANDER,CIMITARRA,2021-10-30,2021,10,30,4,2021-10,5,1,MASCULINO,0,ADULTOS,ADULTO,SIN EMPLEO DE ARMAS,SIN_ARMA,HURTO,HURTO ABIGEATO,1,0
SANTANDER,CIMITARRA,2021-11-13,2021,11,13,4,2021-11,5,1,MASCULINO,0,ADULTOS,ADULTO,SIN EMPLEO DE ARMAS,SIN_ARMA,HURTO,HURTO ABIGEATO,1,0
SANTANDER,SABANA DE TORRES,2021-11-18,2021,11,18,4,2021-11,3,0,MASCULINO,0,ADULTOS,ADULTO,SIN EMPLEO DE ARMAS,SIN_ARMA,HURTO,HURTO ABIGEATO,1,0
SANTANDER,CIMITARRA,2021-11-22,2021,11,22,4,2021-11,0,0,FEMENINO,1,ADULTOS,ADULTO,SIN EMPLEO DE ARMAS,SIN_ARMA,HURTO,HURTO ABIGEATO,1,0
SANTANDER,CALIFORNIA,2021-09-25,2021,9,25,3,2021-09,5,1,MASCULINO,0,ADULTOS,ADULTO,SIN EMPLEO DE ARMAS,SIN_ARMA,HURTO,HURTO ABIGEATO,1,0
SANTANDER,CURITÍ,2021-09-27,2021,9,27,3,2021-09,0,0,MASCULINO,0,ADULTOS,ADULTO,SIN EMPLEO DE ARMAS,SIN_ARMA,HURTO,HURTO ABIGEATO,1,0
SANTANDER,ALBANIA,2021-10-06,2021,10,6,4,2021-10,2,0,MASCULINO,0,ADULTOS,ADULTO,SIN EMPLEO DE ARMAS,SIN_ARMA,HURTO,HURTO ABIGEATO,1,0
SANTANDER,GAMBITA,2021-10-31,2021,10,31,4,2021-10,6,1,MASCULINO,0,ADULTOS,ADULTO,SIN EMPLEO DE ARMAS,SIN_ARMA,HURTO,HURTO ABIGEATO,1,0
SANTANDER,SUAITA,2021-10-24,2021,10,24,4,2021-10,6,1,MASCULINO,0,ADULTOS,ADULTO,SIN EMPLEO DE ARMAS,SIN_ARMA,HURTO,HURTO ABIGEATO,1,0
SANTANDER,VÉLEZ,2021-10-23,2021,10,23,4,2021-10,5,1,FEMENINO,1,ADULTOS,ADULTO,SIN EMPLEO DE ARMAS,SIN_ARMA,HURTO,HURTO ABIGEATO,1,0
SANTANDER,CIMITARRA,2021-10-29,2021,10,29,4,2021-10,4,0,MASCULINO,0,ADULTOS,ADULTO,SIN EMPLEO DE ARMAS,SIN_ARMA,HURTO,HURTO ABIGEATO,1,0
SANTANDER,BUCARAMANGA (CT),2021-11-10,2021,11,10,4,2021-11,2,0,MASCULINO,0,ADULTOS,ADULTO,SIN EMPLEO DE ARMAS,SIN_ARMA,HURTO,HURTO ABIGEATO,1,1
SANTANDER,MOGOTES,2021-11-26,2021,11,26,4,2021-11,4,0,FEMENINO,1,ADULTOS,ADULTO,SIN EMPLEO DE ARMAS,SIN_ARMA,HURTO,HURTO ABIGEATO,1,0
SANTANDER,CIMITARRA,2021-11-12,2021,11,12,4,2021-11,4,0,MASCULINO,0,ADULTOS,ADULTO,SIN EMPLEO DE ARMAS,SIN_ARMA,HURTO,HURTO ABIGEATO,1,0
SANTANDER,RIONEGRO,2021-11-15,2021,11,15,4,2021-11,0,0,MASCULINO,0,ADULTOS,ADULTO,SIN EMPLEO DE ARMAS,SIN_ARMA,HURTO,HURTO ABIGEATO,1,0
SANTANDER,CHARALÁ,2021-11-18,2021,11,18,4,2021-11,3,0,MASCULINO,0,ADULTOS,ADULTO,SIN EMPLEO DE ARMAS,SIN_ARMA,HURTO,HURTO ABIGEATO,1,0
SANTANDER,ARATOCA,2021-12-04,2021,12,4,4,2021-12,5,1,FEMENINO,1,ADULTOS,ADULTO,SIN EMPLEO DE ARMAS,SIN_ARMA,HURTO,HURTO ABIGEATO,1,0
SANTANDER,CHARALÁ,2021-12-05,2021,12,5,4,2021-12,6,1,FEMENINO,1,ADULTOS,ADULTO,SIN EMPLEO DE ARMAS,SIN_ARMA,HURTO,HURTO ABIGEATO,1,0
SANTANDER,EL CARMEN DE CHUCURÍ,2021-12-15,2021,12,15,4,2021-12,2,0,MASCULINO,0,ADULTOS,ADULTO,SIN EMPLEO DE ARMAS,SIN_ARMA,HURTO,HURTO ABIGEATO,1,0
SANTANDER,PUENTE NACIONAL,2021-12-16,2021,12,16,4,2021-12,3,0,MASCULINO,0,ADULTOS,ADULTO,SIN EMPLEO DE ARMAS,SIN_ARMA,HURTO,HURTO ABIGEATO,1,0
SANTANDER,EL GUACAMAYO,2021-12-17,2021,12,17,4,2021-12,4,0,MASCULINO,0,ADULTOS,ADULTO,SIN EMPLEO DE ARMAS,SIN_ARMA,HURTO,HURTO ABIGEATO,1,0
SANTANDER,CIMITARRA,2022-01-13,2022,1,13,1,2022-01,3,0,FEMENINO,1,ADULTOS,ADULTO,SIN EMPLEO DE ARMAS,SIN_ARMA,HURTO,HURTO ABIGEATO,1,0
SANTANDER,SAN VICENTE DE CHUCURÍ,2021-12-20,2021,12,20,4,2021-12,0,0,MASCULINO,0,ADULTOS,ADULTO,SIN EMPLEO DE ARMAS,SIN_ARMA,HURTO,HURTO ABIGEATO,1,0
SANTANDER,JESÚS MARÍA,2022-01-16,2022,1,16,1,2022-01,6,1,MASCULINO,0,ADULTOS,ADULTO,SIN EMPLEO DE ARMAS,SIN_ARMA,HURTO,HURTO ABIGEATO,1,0
SANTANDER,BARRANCABERMEJA,2022-02-02,2022,2,2,1,2022-02,2,0,MASCULINO,0,ADULTOS,ADULTO,SIN EMPLEO DE ARMAS,SIN_ARMA,HURTO,HURTO ABIGEATO,1,0
SANTANDER,OIBA,2021-12-30,2021,12,30,4,2021-12,3,0,MASCULINO,0,ADULTOS,ADULTO,SIN EMPLEO DE ARMAS,SIN_ARMA,HURTO,HURTO ABIGEATO,1,0
SANTANDER,BOLÍVAR,2022-02-11,2022,2,11,1,2022-02,4,0,FEMENINO,1,ADULTOS,ADULTO,SIN EMPLEO DE ARMAS,SIN_ARMA,HURTO,HURTO ABIGEATO,1,0
SANTANDER,VÉLEZ,2022-03-03,2022,3,3,1,2022-03,3,0,MASCULINO,0,ADULTOS,ADULTO,SIN EMPLEO DE ARMAS,SIN_ARMA,HURTO,HURTO ABIGEATO,1,0
SANTANDER,OIBA,2022-02-27,2022,2,27,1,2022-02,6,1,MASCULINO,0,ADULTOS,ADULTO,SIN EMPLEO DE ARMAS,SIN_ARMA,HURTO,HURTO ABIGEATO,1,0
SANTANDER,BARRANCABERMEJA,2021-11-22,2021,11,22,4,2021-11,0,0,MASCULINO,0,ADULTOS,ADULTO,SIN EMPLEO DE ARMAS,SIN_ARMA,HURTO,HURTO ABIGEATO,1,0
SANTANDER,VÉLEZ,2022-03-16,2022,3,16,1,2022-03,2,0,MASCULINO,0,ADULTOS,ADULTO,SIN EMPLEO DE ARMAS,SIN_ARMA,HURTO,HURTO ABIGEATO,1,0
SANTANDER,BARRANCABERMEJA,2022-03-23,2022,3,23,1,2022-03,2,0,MASCULINO,0,ADULTOS,ADULTO,SIN EMPLEO DE ARMAS,SIN_ARMA,HURTO,HURTO ABIGEATO,1,0
SANTANDER,PUENTE NACIONAL,2022-01-16,2022,1,16,1,2022-01,6,1,MASCULINO,0,ADULTOS,ADULTO,SIN EMPLEO DE ARMAS,SIN_ARMA,HURTO,HURTO ABIGEATO,1,0
SANTANDER,GUACA,2022-02-05,2022,2,5,1,2022-02,5,1,MASCULINO,0,ADULTOS,ADULTO,SIN EMPLEO DE ARMAS,SIN_ARMA,HURTO,HURTO ABIGEATO,1,0
SANTANDER,VÉLEZ,2022-01-18,2022,1,18,1,2022-01,1,0,MASCULINO,0,ADULTOS,ADULTO,SIN EMPLEO DE ARMAS,SIN_ARMA,HURTO,HURTO ABIGEATO,1,0
SANTANDER,CIMITARRA,2022-04-18,2022,4,18,2,2022-04,0,0,MASCULINO,0,ADULTOS,ADULTO,SIN EMPLEO DE ARMAS,SIN_ARMA,HURTO,HURTO ABIGEATO,1,0
SANTANDER,SIMACOTA,2022-03-20,2022,3,20,1,2022-03,6,1,MASCULINO,0,ADULTOS,ADULTO,SIN EMPLEO DE ARMAS,SIN_ARMA,HURTO,HURTO ABIGEATO,1,0
SANTANDER,BARRANCABERMEJA,2022-03-29,2022,3,29,1,2022-03,1,0,MASCULINO,0,ADULTOS,ADULTO,SIN EMPLEO DE ARMAS,SIN_ARMA,HURTO,HURTO ABIGEATO,1,0
SANTANDER,BARRANCABERMEJA,2022-01-13,2022,1,13,1,2022-01,3,0,FEMENINO,1,ADULTOS,ADULTO,SIN EMPLEO DE ARMAS,SIN_ARMA,HURTO,HURTO ABIGEATO,1,0
SANTANDER,GALÁN,2022-05-10,2022,5,10,2,2022-05,1,0,FEMENINO,1,ADULTOS,ADULTO,SIN EMPLEO DE ARMAS,SIN_ARMA,HURTO,HURTO ABIGEATO,1,0
SANTANDER,SABANA DE TORRES,2022-05-25,2022,5,25,2,2022-05,2,0,MASCULINO,0,ADULTOS,ADULTO,SIN EMPLEO DE ARMAS,SIN_ARMA,HURTO,HURTO ABIGEATO,1,0
SANTANDER,BARRANCABERMEJA,2022-03-14,2022,3,14,1,2022-03,0,0,FEMENINO,1,ADULTOS,ADULTO,SIN EMPLEO DE ARMAS,SIN_ARMA,HURTO,HURTO ABIGEATO,1,0
SANTANDER,BARRANCABERMEJA,2022-04-09,2022,4,9,2,2022-04,5,1,MASCULINO,0,ADULTOS,ADULTO,SIN EMPLEO DE ARMAS,SIN_ARMA,HURTO,HURTO ABIGEATO,1,0
SANTANDER,BARRANCABERMEJA,2022-05-18,2022,5,18,2,2022-05,2,0,MASCULINO,0,ADULTOS,ADULTO,SIN EMPLEO DE ARMAS,SIN_ARMA,HURTO,HURTO ABIGEATO,1,0
SANTANDER,PUERTO PARRA,2020-07-10,2020,7,10,3,2020-07,4,0,MASCULINO,0,ADULTOS,ADULTO,SIN EMPLEO DE ARMAS,SIN_ARMA,HURTO,HURTO ABIGEATO,1,0
SANTANDER,VÉLEZ,2020-07-26,2020,7,26,3,2020-07,6,1,MASCULINO,0,ADULTOS,ADULTO,SIN EMPLEO DE ARMAS,SIN_ARMA,HURTO,HURTO ABIGEATO,1,0
SANTANDER,BARRANCABERMEJA,2020-05-31,2020,5,31,2,2020-05,6,1,MASCULINO,0,ADULTOS,ADULTO,SIN EMPLEO DE ARMAS,SIN_ARMA,HURTO,HURTO ABIGEATO,1,0
SANTANDER,CIMITARRA,2020-03-01,2020,3,1,1,2020-03,6,1,MASCULINO,0,ADULTOS,ADULTO,SIN EMPLEO DE ARMAS,SIN_ARMA,HURTO,HURTO ABIGEATO,1,0
SANTANDER,SABANA DE TORRES,2020-08-16,2020,8,16,3,2020-08,6,1,MASCULINO,0,ADULTOS,ADULTO,SIN EMPLEO DE ARMAS,SIN_ARMA,HURTO,HURTO ABIGEATO,1,0
SANTANDER,PUERTO WILCHES,2020-08-21,2020,8,21,3,2020-08,4,0,FEMENINO,1,ADULTOS,ADULTO,SIN EMPLEO DE ARMAS,SIN_ARMA,HURTO,HURTO ABIGEATO,1,0
SANTANDER,GAMBITA,2020-08-01,2020,8,1,3,2020-08,5,1,MASCULINO,0,ADULTOS,ADULTO,SIN EMPLEO DE ARMAS,SIN_ARMA,HURTO,HURTO ABIGEATO,1,0
SANTANDER,GAMBITA,2020-08-23,2020,8,23,3,2020-08,6,1,MASCULINO,0,ADULTOS,ADULTO,SIN EMPLEO DE ARMAS,SIN_ARMA,HURTO,HURTO ABIGEATO,1,0
SANTANDER,VÉLEZ,2020-08-25,2020,8,25,3,2020-08,1,0,FEMENINO,1,ADULTOS,ADULTO,SIN EMPLEO DE ARMAS,SIN_ARMA,HURTO,HURTO ABIGEATO,1,0
SANTANDER,RIONEGRO,2020-08-25,2020,8,25,3,2020-08,1,0,MASCULINO,0,ADULTOS,ADULTO,SIN EMPLEO DE ARMAS,SIN_ARMA,HURTO,HURTO ABIGEATO,1,0
SANTANDER,RIONEGRO,2020-04-08,2020,4,8,2,2020-04,2,0,MASCULINO,0,ADULTOS,ADULTO,SIN EMPLEO DE ARMAS,SIN_ARMA,HURTO,HURTO ABIGEATO,1,0
SANTANDER,VALLE DE SAN JOSÉ,2020-09-06,2020,9,6,3,2020-09,6,1,MASCULINO,0,ADULTOS,ADULTO,SIN EMPLEO DE ARMAS,SIN_ARMA,HURTO,HURTO ABIGEATO,1,0
SANTANDER,SABANA DE TORRES,2020-09-13,2020,9,13,3,2020-09,6,1,MASCULINO,0,ADULTOS,ADULTO,SIN EMPLEO DE ARMAS,SIN_ARMA,HURTO,HURTO ABIGEATO,1,0
SANTANDER,BOLÍVAR,2020-09-20,2020,9,20,3,2020-09,6,1,MASCULINO,0,ADULTOS,ADULTO,SIN EMPLEO DE ARMAS,SIN_ARMA,HURTO,HURTO ABIGEATO,1,0
SANTANDER,SABANA DE TORRES,2020-09-16,2020,9,16,3,2020-09,2,0,MASCULINO,0,ADULTOS,ADULTO,SIN EMPLEO DE ARMAS,SIN_ARMA,HURTO,HURTO ABIGEATO,1,0
SANTANDER,BARBOSA,2020-09-01,2020,9,1,3,2020-09,1,0,MASCULINO,0,ADULTOS,ADULTO,SIN EMPLEO DE ARMAS,SIN_ARMA,HURTO,HURTO ABIGEATO,1,0
SANTANDER,BARRANCABERMEJA,2020-09-26,2020,9,26,3,2020-09,5,1,FEMENINO,1,ADULTOS,ADULTO,SIN EMPLEO DE ARMAS,SIN_ARMA,HURTO,HURTO ABIGEATO,1,0
SANTANDER,BOLÍVAR,2020-09-26,2020,9,26,3,2020-09,5,1,MASCULINO,0,ADULTOS,ADULTO,SIN EMPLEO DE ARMAS,SIN_ARMA,HURTO,HURTO ABIGEATO,1,0
SANTANDER,ALBANIA,2020-04-01,2020,4,1,2,2020-04,2,0,FEMENINO,1,ADULTOS,ADULTO,SIN EMPLEO DE ARMAS,SIN_ARMA,HURTO,HURTO ABIGEATO,1,0
SANTANDER,VÉLEZ,2020-10-12,2020,10,12,4,2020-10,0,0,MASCULINO,0,ADULTOS,ADULTO,SIN EMPLEO DE ARMAS,SIN_ARMA,HURTO,HURTO ABIGEATO,1,0
SANTANDER,BUCARAMANGA (CT),2020-08-02,2020,8,2,3,2020-08,6,1,MASCULINO,0,ADULTOS,ADULTO,SIN EMPLEO DE ARMAS,SIN_ARMA,HURTO,HURTO ABIGEATO,1,1
SANTANDER,TONA,2020-09-15,2020,9,15,3,2020-09,1,0,MASCULINO,0,ADULTOS,ADULTO,SIN EMPLEO DE ARMAS,SIN_ARMA,HURTO,HURTO ABIGEATO,1,0
SANTANDER,BARRANCABERMEJA,2020-11-07,2020,11,7,4,2020-11,5,1,MASCULINO,0,ADULTOS,ADULTO,SIN EMPLEO DE ARMAS,SIN_ARMA,HURTO,HURTO ABIGEATO,1,0
SANTANDER,TONA,2020-11-07,2020,11,7,4,2020-11,5,1,MASCULINO,0,ADULTOS,ADULTO,SIN EMPLEO DE ARMAS,SIN_ARMA,HURTO,HURTO ABIGEATO,1,0
SANTANDER,BARRANCABERMEJA,2020-09-11,2020,9,11,3,2020-09,4,0,MASCULINO,0,ADULTOS,ADULTO,SIN EMPLEO DE ARMAS,SIN_ARMA,HURTO,HURTO ABIGEATO,1,0
SANTANDER,PIEDECUESTA,2020-10-14,2020,10,14,4,2020-10,2,0,FEMENINO,1,ADULTOS,ADULTO,SIN EMPLEO DE ARMAS,SIN_ARMA,HURTO,HURTO ABIGEATO,1,1
SANTANDER,BOLÍVAR,2020-11-19,2020,11,19,4,2020-11,3,0,MASCULINO,0,ADULTOS,ADULTO,SIN EMPLEO DE ARMAS,SIN_ARMA,HURTO,HURTO ABIGEATO,1,0
SANTANDER,BARRANCABERMEJA,2020-11-24,2020,11,24,4,2020-11,1,0,FEMENINO,1,ADULTOS,ADULTO,SIN EMPLEO DE ARMAS,SIN_ARMA,HURTO,HURTO ABIGEATO,1,0
SANTANDER,GUAVATÁ,2020-11-25,2020,11,25,4,2020-11,2,0,MASCULINO,0,ADULTOS,ADULTO,SIN EMPLEO DE ARMAS,SIN_ARMA,HURTO,HURTO ABIGEATO,1,0
SANTANDER,OIBA,2020-09-21,2020,9,21,3,2020-09,0,0,MASCULINO,0,ADULTOS,ADULTO,SIN EMPLEO DE ARMAS,SIN_ARMA,HURTO,HURTO ABIGEATO,1,0
SANTANDER,BARRANCABERMEJA,2020-12-04,2020,12,4,4,2020-12,4,0,FEMENINO,1,ADULTOS,ADULTO,SIN EMPLEO DE ARMAS,SIN_ARMA,HURTO,HURTO ABIGEATO,1,0
SANTANDER,BARRANCABERMEJA,2020-12-11,2020,12,11,4,2020-12,4,0,MASCULINO,0,ADULTOS,ADULTO,SIN EMPLEO DE ARMAS,SIN_ARMA,HURTO,HURTO ABIGEATO,1,0
SANTANDER,CALIFORNIA,2020-12-06,2020,12,6,4,2020-12,6,1,MASCULINO,0,ADULTOS,ADULTO,SIN EMPLEO DE ARMAS,SIN_ARMA,HURTO,HURTO ABIGEATO,1,0
SANTANDER,GALÁN,2020-12-20,2020,12,20,4,2020-12,6,1,FEMENINO,1,ADULTOS,ADULTO,SIN EMPLEO DE ARMAS,SIN_ARMA,HURTO,HURTO ABIGEATO,1,0
SANTANDER,LEBRIJA,2020-12-19,2020,12,19,4,2020-12,5,1,FEMENINO,1,ADULTOS,ADULTO,SIN EMPLEO DE ARMAS,SIN_ARMA,HURTO,HURTO ABIGEATO,1,1
SANTANDER,SABANA DE TORRES,2020-12-28,2020,12,28,4,2020-12,0,0,FEMENINO,1,ADULTOS,ADULTO,SIN EMPLEO DE ARMAS,SIN_ARMA,HURTO,HURTO ABIGEATO,1,0
SANTANDER,SUAITA,2020-11-10,2020,11,10,4,2020-11,1,0,MASCULINO,0,ADULTOS,ADULTO,SIN EMPLEO DE ARMAS,SIN_ARMA,HURTO,HURTO ABIGEATO,1,0
SANTANDER,GUAVATÁ,2020-12-17,2020,12,17,4,2020-12,3,0,MASCULINO,0,ADULTOS,ADULTO,SIN EMPLEO DE ARMAS,SIN_ARMA,HURTO,HURTO ABIGEATO,1,0
SANTANDER,PUERTO WILCHES,2021-01-05,2021,1,5,1,2021-01,1,0,MASCULINO,0,ADULTOS,ADULTO,SIN EMPLEO DE ARMAS,SIN_ARMA,HURTO,HURTO ABIGEATO,1,0
SANTANDER,PINCHOTE,2021-01-06,2021,1,6,1,2021-01,2,0,MASCULINO,0,ADULTOS,ADULTO,SIN EMPLEO DE ARMAS,SIN_ARMA,HURTO,HURTO ABIGEATO,1,0
SANTANDER,TONA,2020-11-06,2020,11,6,4,2020-11,4,0,MASCULINO,0,ADULTOS,ADULTO,SIN EMPLEO DE ARMAS,SIN_ARMA,HURTO,HURTO ABIGEATO,1,0
SANTANDER,TONA,2020-10-28,2020,10,28,4,2020-10,2,0,FEMENINO,1,ADULTOS,ADULTO,SIN EMPLEO DE ARMAS,SIN_ARMA,HURTO,HURTO ABIGEATO,1,0
SANTANDER,OIBA,2020-12-13,2020,12,13,4,2020-12,6,1,FEMENINO,1,ADULTOS,ADULTO,SIN EMPLEO DE ARMAS,SIN_ARMA,HURTO,HURTO ABIGEATO,1,0
SANTANDER,BARRANCABERMEJA,2020-11-16,2020,11,16,4,2020-11,0,0,FEMENINO,1,ADULTOS,ADULTO,SIN EMPLEO DE ARMAS,SIN_ARMA,HURTO,HURTO ABIGEATO,1,0
SANTANDER,EL PEÑÓN,2021-02-13,2021,2,13,1,2021-02,5,1,MASCULINO,0,ADULTOS,ADULTO,SIN EMPLEO DE ARMAS,SIN_ARMA,HURTO,HURTO ABIGEATO,1,0
SANTANDER,SABANA DE TORRES,2021-01-08,2021,1,8,1,2021-01,4,0,MASCULINO,0,ADULTOS,ADULTO,SIN EMPLEO DE ARMAS,SIN_ARMA,HURTO,HURTO ABIGEATO,1,0
SANTANDER,LOS SANTOS,2021-03-09,2021,3,9,1,2021-03,1,0,MASCULINO,0,ADULTOS,ADULTO,SIN EMPLEO DE ARMAS,SIN_ARMA,HURTO,HURTO ABIGEATO,1,0
SANTANDER,GÜEPSA,2021-03-03,2021,3,3,1,2021-03,2,0,MASCULINO,0,ADULTOS,ADULTO,SIN EMPLEO DE ARMAS,SIN_ARMA,HURTO,HURTO ABIGEATO,1,0
SANTANDER,BARRANCABERMEJA,2021-03-25,2021,3,25,1,2021-03,3,0,MASCULINO,0,ADULTOS,ADULTO,SIN EMPLEO DE ARMAS,SIN_ARMA,HURTO,HURTO ABIGEATO,1,0
SANTANDER,GAMBITA,2021-02-25,2021,2,25,1,2021-02,3,0,MASCULINO,0,ADULTOS,ADULTO,SIN EMPLEO DE ARMAS,SIN_ARMA,HURTO,HURTO ABIGEATO,1,0
SANTANDER,BARRANCABERMEJA,2020-12-17,2020,12,17,4,2020-12,3,0,FEMENINO,1,ADULTOS,ADULTO,SIN EMPLEO DE ARMAS,SIN_ARMA,HURTO,HURTO ABIGEATO,1,0
SANTANDER,OIBA,2021-04-06,2021,4,6,2,2021-04,1,0,MASCULINO,0,ADULTOS,ADULTO,SIN EMPLEO DE ARMAS,SIN_ARMA,HURTO,HURTO ABIGEATO,1,0
SANTANDER,BARRANCABERMEJA,2021-04-18,2021,4,18,2,2021-04,6,1,,-1,ADULTOS,ADULTO,SIN EMPLEO DE ARMAS,SIN_ARMA,HURTO,HURTO ABIGEATO,1,0
SANTANDER,SABANA DE TORRES,2021-04-27,2021,4,27,2,2021-04,1,0,MASCULINO,0,ADULTOS,ADULTO,SIN EMPLEO DE ARMAS,SIN_ARMA,HURTO,HURTO ABIGEATO,1,0
SANTANDER,BARRANCABERMEJA,2021-01-28,2021,1,28,1,2021-01,3,0,MASCULINO,0,ADULTOS,ADULTO,SIN EMPLEO DE ARMAS,SIN_ARMA,HURTO,HURTO ABIGEATO,1,0
SANTANDER,PUERTO WILCHES,2021-01-26,2021,1,26,1,2021-01,1,0,FEMENINO,1,ADULTOS,ADULTO,SIN EMPLEO DE ARMAS,SIN_ARMA,HURTO,HURTO ABIGEATO,1,0
SANTANDER,PUERTO WILCHES,2021-03-15,2021,3,15,1,2021-03,0,0,MASCULINO,0,ADULTOS,ADULTO,SIN EMPLEO DE ARMAS,SIN_ARMA,HURTO,HURTO ABIGEATO,1,0
SANTANDER,EL PEÑÓN,2021-04-30,2021,4,30,2,2021-04,4,0,MASCULINO,0,ADULTOS,ADULTO,SIN EMPLEO DE ARMAS,SIN_ARMA,HURTO,HURTO ABIGEATO,1,0
SANTANDER,EL PEÑÓN,2021-04-30,2021,4,30,2,2021-04,4,0,MASCULINO,0,ADULTOS,ADULTO,SIN EMPLEO DE ARMAS,SIN_ARMA,HURTO,HURTO ABIGEATO,1,0
SANTANDER,SAN VICENTE DE CHUCURÍ,2021-04-27,2021,4,27,2,2021-04,1,0,MASCULINO,0,ADULTOS,ADULTO,SIN EMPLEO DE ARMAS,SIN_ARMA,HURTO,HURTO ABIGEATO,1,0
SANTANDER,VÉLEZ,2021-05-20,2021,5,20,2,2021-05,3,0,MASCULINO,0,ADULTOS,ADULTO,SIN EMPLEO DE ARMAS,SIN_ARMA,HURTO,HURTO ABIGEATO,1,0
SANTANDER,GAMBITA,2021-05-06,2021,5,6,2,2021-05,3,0,MASCULINO,0,ADULTOS,ADULTO,SIN EMPLEO DE ARMAS,SIN_ARMA,HURTO,HURTO ABIGEATO,1,0
SANTANDER,BARRANCABERMEJA,2021-05-22,2021,5,22,2,2021-05,5,1,,-1,ADULTOS,ADULTO,SIN EMPLEO DE ARMAS,SIN_ARMA,HURTO,HURTO ABIGEATO,1,0
SANTANDER,BARRANCABERMEJA,2021-03-08,2021,3,8,1,2021-03,0,0,MASCULINO,0,ADULTOS,ADULTO,SIN EMPLEO DE ARMAS,SIN_ARMA,HURTO,HURTO ABIGEATO,1,0
SANTANDER,MÁLAGA,2021-06-16,2021,6,16,2,2021-06,2,0,MASCULINO,0,ADULTOS,ADULTO,SIN EMPLEO DE ARMAS,SIN_ARMA,HURTO,HURTO ABIGEATO,1,0
SANTANDER,BARBOSA,2021-06-07,2021,6,7,2,2021-06,0,0,MASCULINO,0,ADULTOS,ADULTO,SIN EMPLEO DE ARMAS,SIN_ARMA,HURTO,HURTO ABIGEATO,1,0
SANTANDER,LA PAZ,2019-09-10,2019,9,10,3,2019-09,1,0,MASCULINO,0,ADULTOS,ADULTO,SIN EMPLEO DE ARMAS,SIN_ARMA,HURTO,HURTO ABIGEATO,1,0
SANTANDER,CIMITARRA,2019-09-12,2019,9,12,3,2019-09,3,0,MASCULINO,0,ADULTOS,ADULTO,SIN EMPLEO DE ARMAS,SIN_ARMA,HURTO,HURTO ABIGEATO,1,0
SANTANDER,GALÁN,2019-09-11,2019,9,11,3,2019-09,2,0,MASCULINO,0,ADULTOS,ADULTO,SIN EMPLEO DE ARMAS,SIN_ARMA,HURTO,HURTO ABIGEATO,1,0
SANTANDER,PUERTO PARRA,2019-05-31,2019,5,31,2,2019-05,4,0,MASCULINO,0,ADULTOS,ADULTO,SIN EMPLEO DE ARMAS,SIN_ARMA,HURTO,HURTO ABIGEATO,1,0
SANTANDER,GIRÓN,2019-09-10,2019,9,10,3,2019-09,1,0,MASCULINO,0,ADULTOS,ADULTO,SIN EMPLEO DE ARMAS,SIN_ARMA,HURTO,HURTO ABIGEATO,1,1
SANTANDER,LANDÁZURI,2019-10-03,2019,10,3,4,2019-10,3,0,MASCULINO,0,ADULTOS,ADULTO,SIN EMPLEO DE ARMAS,SIN_ARMA,HURTO,HURTO ABIGEATO,1,0
SANTANDER,PUERTO PARRA,2019-10-04,2019,10,4,4,2019-10,4,0,MASCULINO,0,ADULTOS,ADULTO,SIN EMPLEO DE ARMAS,SIN_ARMA,HURTO,HURTO ABIGEATO,1,0
SANTANDER,SANTA HELENA DEL OPÓN,2019-03-27,2019,3,27,1,2019-03,2,0,MASCULINO,0,ADULTOS,ADULTO,SIN EMPLEO DE ARMAS,SIN_ARMA,HURTO,HURTO ABIGEATO,1,0
SANTANDER,BARRANCABERMEJA,2019-06-13,2019,6,13,2,2019-06,3,0,MASCULINO,0,ADULTOS,ADULTO,SIN EMPLEO DE ARMAS,SIN_ARMA,HURTO,HURTO ABIGEATO,1,0
SANTANDER,RIONEGRO,2019-10-11,2019,10,11,4,2019-10,4,0,MASCULINO,0,ADULTOS,ADULTO,SIN EMPLEO DE ARMAS,SIN_ARMA,HURTO,HURTO ABIGEATO,1,0
SANTANDER,EL PEÑÓN,2019-10-11,2019,10,11,4,2019-10,4,0,MASCULINO,0,ADULTOS,ADULTO,SIN EMPLEO DE ARMAS,SIN_ARMA,HURTO,HURTO ABIGEATO,1,0
SANTANDER,BARRANCABERMEJA,2019-10-05,2019,10,5,4,2019-10,5,1,MASCULINO,0,ADULTOS,ADULTO,SIN EMPLEO DE ARMAS,SIN_ARMA,HURTO,HURTO ABIGEATO,1,0
SANTANDER,SABANA DE TORRES,2019-10-14,2019,10,14,4,2019-10,0,0,FEMENINO,1,ADULTOS,ADULTO,SIN EMPLEO DE ARMAS,SIN_ARMA,HURTO,HURTO ABIGEATO,1,0
SANTANDER,CHARALÁ,2019-05-13,2019,5,13,2,2019-05,0,0,MASCULINO,0,ADULTOS,ADULTO,SIN EMPLEO DE ARMAS,SIN_ARMA,HURTO,HURTO ABIGEATO,1,0
SANTANDER,GUAVATÁ,2019-10-27,2019,10,27,4,2019-10,6,1,MASCULINO,0,ADULTOS,ADULTO,SIN EMPLEO DE ARMAS,SIN_ARMA,HURTO,HURTO ABIGEATO,1,0
SANTANDER,PUERTO PARRA,2019-11-04,2019,11,4,4,2019-11,0,0,MASCULINO,0,ADULTOS,ADULTO,SIN EMPLEO DE ARMAS,SIN_ARMA,HURTO,HURTO ABIGEATO,1,0
SANTANDER,BARRANCABERMEJA,2019-10-29,2019,10,29,4,2019-10,1,0,FEMENINO,1,ADULTOS,ADULTO,SIN EMPLEO DE ARMAS,SIN_ARMA,HURTO,HURTO ABIGEATO,1,0
SANTANDER,SUAITA,2019-11-07,2019,11,7,4,2019-11,3,0,MASCULINO,0,ADULTOS,ADULTO,SIN EMPLEO DE ARMAS,SIN_ARMA,HURTO,HURTO ABIGEATO,1,0
SANTANDER,BARRANCABERMEJA,2019-11-13,2019,11,13,4,2019-11,2,0,FEMENINO,1,ADULTOS,ADULTO,SIN EMPLEO DE ARMAS,SIN_ARMA,HURTO,HURTO ABIGEATO,1,0
SANTANDER,PUERTO WILCHES,2019-10-18,2019,10,18,4,2019-10,4,0,FEMENINO,1,ADULTOS,ADULTO,SIN EMPLEO DE ARMAS,SIN_ARMA,HURTO,HURTO ABIGEATO,1,0
SANTANDER,PUERTO PARRA,2019-11-05,2019,11,5,4,2019-11,1,0,MASCULINO,0,ADULTOS,ADULTO,SIN EMPLEO DE ARMAS,SIN_ARMA,HURTO,HURTO ABIGEATO,1,0
SANTANDER,SAN ANDRÉS,2019-04-02,2019,4,2,2,2019-04,1,0,FEMENINO,1,ADULTOS,ADULTO,SIN EMPLEO DE ARMAS,SIN_ARMA,HURTO,HURTO ABIGEATO,1,0
SANTANDER,OIBA,2019-11-07,2019,11,7,4,2019-11,3,0,MASCULINO,0,ADULTOS,ADULTO,SIN EMPLEO DE ARMAS,SIN_ARMA,HURTO,HURTO ABIGEATO,1,0
SANTANDER,SUAITA,2019-12-03,2019,12,3,4,2019-12,1,0,MASCULINO,0,ADULTOS,ADULTO,SIN EMPLEO DE ARMAS,SIN_ARMA,HURTO,HURTO ABIGEATO,1,0
SANTANDER,RIONEGRO,2019-12-13,2019,12,13,4,2019-12,4,0,MASCULINO,0,ADULTOS,ADULTO,SIN EMPLEO DE ARMAS,SIN_ARMA,HURTO,HURTO ABIGEATO,1,0
SANTANDER,RIONEGRO,2019-12-02,2019,12,2,4,2019-12,0,0,MASCULINO,0,ADULTOS,ADULTO,SIN EMPLEO DE ARMAS,SIN_ARMA,HURTO,HURTO ABIGEATO,1,0
SANTANDER,BARRANCABERMEJA,2019-09-13,2019,9,13,3,2019-09,4,0,FEMENINO,1,ADULTOS,ADULTO,SIN EMPLEO DE ARMAS,SIN_ARMA,HURTO,HURTO ABIGEATO,1,0
SANTANDER,PIEDECUESTA,2019-12-16,2019,12,16,4,2019-12,0,0,MASCULINO,0,ADULTOS,ADULTO,SIN EMPLEO DE ARMAS,SIN_ARMA,HURTO,HURTO ABIGEATO,1,1
SANTANDER,LANDÁZURI,2020-01-30,2020,1,30,1,2020-01,3,0,MASCULINO,0,ADULTOS,ADULTO,SIN EMPLEO DE ARMAS,SIN_ARMA,HURTO,HURTO ABIGEATO,1,0
SANTANDER,CIMITARRA,2020-02-17,2020,2,17,1,2020-02,0,0,MASCULINO,0,ADULTOS,ADULTO,SIN EMPLEO DE ARMAS,SIN_ARMA,HURTO,HURTO ABIGEATO,1,0
SANTANDER,BARRANCABERMEJA,2020-02-20,2020,2,20,1,2020-02,3,0,MASCULINO,0,ADULTOS,ADULTO,SIN EMPLEO DE ARMAS,SIN_ARMA,HURTO,HURTO ABIGEATO,1,0
SANTANDER,CIMITARRA,2020-01-15,2020,1,15,1,2020-01,2,0,MASCULINO,0,ADULTOS,ADULTO,SIN EMPLEO DE ARMAS,SIN_ARMA,HURTO,HURTO ABIGEATO,1,0
SANTANDER,LOS SANTOS,2020-01-28,2020,1,28,1,2020-01,1,0,MASCULINO,0,ADULTOS,ADULTO,SIN EMPLEO DE ARMAS,SIN_ARMA,HURTO,HURTO ABIGEATO,1,0
SANTANDER,GAMBITA,2019-11-15,2019,11,15,4,2019-11,4,0,MASCULINO,0,ADULTOS,ADULTO,SIN EMPLEO DE ARMAS,SIN_ARMA,HURTO,HURTO ABIGEATO,1,0
SANTANDER,CHIPATÁ,2020-03-01,2020,3,1,1,2020-03,6,1,MASCULINO,0,ADULTOS,ADULTO,SIN EMPLEO DE ARMAS,SIN_ARMA,HURTO,HURTO ABIGEATO,1,0
SANTANDER,SABANA DE TORRES,2020-02-06,2020,2,6,1,2020-02,3,0,MASCULINO,0,ADULTOS,ADULTO,SIN EMPLEO DE ARMAS,SIN_ARMA,HURTO,HURTO ABIGEATO,1,0
SANTANDER,BARRANCABERMEJA,2020-03-05,2020,3,5,1,2020-03,3,0,MASCULINO,0,ADULTOS,ADULTO,SIN EMPLEO DE ARMAS,SIN_ARMA,HURTO,HURTO ABIGEATO,1,0
SANTANDER,BARRANCABERMEJA,2019-09-24,2019,9,24,3,2019-09,1,0,FEMENINO,1,ADULTOS,ADULTO,SIN EMPLEO DE ARMAS,SIN_ARMA,HURTO,HURTO ABIGEATO,1,0
SANTANDER,BARRANCABERMEJA,2019-12-03,2019,12,3,4,2019-12,1,0,FEMENINO,1,ADULTOS,ADULTO,SIN EMPLEO DE ARMAS,SIN_ARMA,HURTO,HURTO ABIGEATO,1,0
SANTANDER,BARRANCABERMEJA,2019-12-19,2019,12,19,4,2019-12,3,0,FEMENINO,1,ADULTOS,ADULTO,SIN EMPLEO DE ARMAS,SIN_ARMA,HURTO,HURTO ABIGEATO,1,0
SANTANDER,SABANA DE TORRES,2020-03-18,2020,3,18,1,2020-03,2,0,MASCULINO,0,ADULTOS,ADULTO,SIN EMPLEO DE ARMAS,SIN_ARMA,HURTO,HURTO ABIGEATO,1,0
SANTANDER,BARRANCABERMEJA,2020-03-19,2020,3,19,1,2020-03,3,0,MASCULINO,0,ADULTOS,ADULTO,SIN EMPLEO DE ARMAS,SIN_ARMA,HURTO,HURTO ABIGEATO,1,0
SANTANDER,VÉLEZ,2020-02-29,2020,2,29,1,2020-02,5,1,MASCULINO,0,ADULTOS,ADULTO,SIN EMPLEO DE ARMAS,SIN_ARMA,HURTO,HURTO ABIGEATO,1,0
SANTANDER,BARRANCABERMEJA,2020-03-03,2020,3,3,1,2020-03,1,0,FEMENINO,1,ADULTOS,ADULTO,SIN EMPLEO DE ARMAS,SIN_ARMA,HURTO,HURTO ABIGEATO,1,0
SANTANDER,SABANA DE TORRES,2020-05-07,2020,5,7,2,2020-05,3,0,MASCULINO,0,ADULTOS,ADULTO,SIN EMPLEO DE ARMAS,SIN_ARMA,HURTO,HURTO ABIGEATO,1,0
SANTANDER,BARRANCABERMEJA,2020-05-08,2020,5,8,2,2020-05,4,0,MASCULINO,0,ADULTOS,ADULTO,SIN EMPLEO DE ARMAS,SIN_ARMA,HURTO,HURTO ABIGEATO,1,0
SANTANDER,BARRANCABERMEJA,2020-05-07,2020,5,7,2,2020-05,3,0,MASCULINO,0,ADULTOS,ADULTO,SIN EMPLEO DE ARMAS,SIN_ARMA,HURTO,HURTO ABIGEATO,1,0
SANTANDER,TONA,2020-03-22,2020,3,22,1,2020-03,6,1,MASCULINO,0,ADULTOS,ADULTO,SIN EMPLEO DE ARMAS,SIN_ARMA,HURTO,HURTO ABIGEATO,1,0
SANTANDER,BARRANCABERMEJA,2020-05-20,2020,5,20,2,2020-05,2,0,MASCULINO,0,ADULTOS,ADULTO,SIN EMPLEO DE ARMAS,SIN_ARMA,HURTO,HURTO ABIGEATO,1,0
SANTANDER,SAN VICENTE DE CHUCURÍ,2020-05-15,2020,5,15,2,2020-05,4,0,MASCULINO,0,ADULTOS,ADULTO,SIN EMPLEO DE ARMAS,SIN_ARMA,HURTO,HURTO ABIGEATO,1,0
SANTANDER,PUENTE NACIONAL,2020-06-03,2020,6,3,2,2020-06,2,0,MASCULINO,0,ADULTOS,ADULTO,SIN EMPLEO DE ARMAS,SIN_ARMA,HURTO,HURTO ABIGEATO,1,0
SANTANDER,BARRANCABERMEJA,2020-06-03,2020,6,3,2,2020-06,2,0,MASCULINO,0,ADULTOS,ADULTO,SIN EMPLEO DE ARMAS,SIN_ARMA,HURTO,HURTO ABIGEATO,1,0
SANTANDER,SURATÁ,2020-05-20,2020,5,20,2,2020-05,2,0,MASCULINO,0,ADULTOS,ADULTO,SIN EMPLEO DE ARMAS,SIN_ARMA,HURTO,HURTO ABIGEATO,1,0
SANTANDER,SAN VICENTE DE CHUCURÍ,2020-06-21,2020,6,21,2,2020-06,6,1,MASCULINO,0,ADULTOS,ADULTO,SIN EMPLEO DE ARMAS,SIN_ARMA,HURTO,HURTO ABIGEATO,1,0
SANTANDER,CHARTA,2020-05-30,2020,5,30,2,2020-05,5,1,FEMENINO,1,ADULTOS,ADULTO,SIN EMPLEO DE ARMAS,SIN_ARMA,HURTO,HURTO ABIGEATO,1,0
SANTANDER,ALBANIA,2020-07-01,2020,7,1,3,2020-07,2,0,FEMENINO,1,ADULTOS,ADULTO,SIN EMPLEO DE ARMAS,SIN_ARMA,HURTO,HURTO ABIGEATO,1,0
SANTANDER,ALBANIA,2020-06-09,2020,6,9,2,2020-06,1,0,MASCULINO,0,ADULTOS,ADULTO,SIN EMPLEO DE ARMAS,SIN_ARMA,HURTO,HURTO ABIGEATO,1,0
SANTANDER,BARRANCABERMEJA,2020-07-09,2020,7,9,3,2020-07,3,0,FEMENINO,1,ADULTOS,ADULTO,SIN EMPLEO DE ARMAS,SIN_ARMA,HURTO,HURTO ABIGEATO,1,0
SANTANDER,RIONEGRO,2020-07-02,2020,7,2,3,2020-07,3,0,MASCULINO,0,ADULTOS,ADULTO,SIN EMPLEO DE ARMAS,SIN_ARMA,HURTO,HURTO ABIGEATO,1,0
SANTANDER,SAN VICENTE DE CHUCURÍ,2019-01-06,2019,1,6,1,2019-01,6,1,MASCULINO,0,ADULTOS,ADULTO,SIN EMPLEO DE ARMAS,SIN_ARMA,HURTO,HURTO ABIGEATO,1,0
SANTANDER,PUERTO PARRA,2019-01-05,2019,1,5,1,2019-01,5,1,MASCULINO,0,ADULTOS,ADULTO,SIN EMPLEO DE ARMAS,SIN_ARMA,HURTO,HURTO ABIGEATO,1,0
SANTANDER,MATANZA,2018-12-12,2018,12,12,4,2018-12,2,0,MASCULINO,0,ADULTOS,ADULTO,SIN EMPLEO DE ARMAS,SIN_ARMA,HURTO,HURTO ABIGEATO,1,0
SANTANDER,BOLÍVAR,2018-12-06,2018,12,6,4,2018-12,3,0,MASCULINO,0,ADULTOS,ADULTO,SIN EMPLEO DE ARMAS,SIN_ARMA,HURTO,HURTO ABIGEATO,1,0
SANTANDER,SUAITA,2018-09-12,2018,9,12,3,2018-09,2,0,MASCULINO,0,ADULTOS,ADULTO,SIN EMPLEO DE ARMAS,SIN_ARMA,HURTO,HURTO ABIGEATO,1,0
SANTANDER,SUAITA,2018-08-15,2018,8,15,3,2018-08,2,0,MASCULINO,0,ADULTOS,ADULTO,SIN EMPLEO DE ARMAS,SIN_ARMA,HURTO,HURTO ABIGEATO,1,0
SANTANDER,CIMITARRA,2019-01-14,2019,1,14,1,2019-01,0,0,MASCULINO,0,ADULTOS,ADULTO,SIN EMPLEO DE ARMAS,SIN_ARMA,HURTO,HURTO ABIGEATO,1,0
SANTANDER,PUERTO WILCHES,2019-02-02,2019,2,2,1,2019-02,5,1,MASCULINO,0,ADULTOS,ADULTO,SIN EMPLEO DE ARMAS,SIN_ARMA,HURTO,HURTO ABIGEATO,1,0
SANTANDER,PUERTO WILCHES,2019-01-19,2019,1,19,1,2019-01,5,1,MASCULINO,0,ADULTOS,ADULTO,SIN EMPLEO DE ARMAS,SIN_ARMA,HURTO,HURTO ABIGEATO,1,0
SANTANDER,ZAPATOCA,2019-02-05,2019,2,5,1,2019-02,1,0,MASCULINO,0,ADULTOS,ADULTO,SIN EMPLEO DE ARMAS,SIN_ARMA,HURTO,HURTO ABIGEATO,1,0
SANTANDER,BARRANCABERMEJA,2019-01-28,2019,1,28,1,2019-01,0,0,MASCULINO,0,ADULTOS,ADULTO,SIN EMPLEO DE ARMAS,SIN_ARMA,HURTO,HURTO ABIGEATO,1,0
SANTANDER,SABANA DE TORRES,2018-11-25,2018,11,25,4,2018-11,6,1,MASCULINO,0,ADULTOS,ADULTO,SIN EMPLEO DE ARMAS,SIN_ARMA,HURTO,HURTO ABIGEATO,1,0
SANTANDER,BARBOSA,2019-02-15,2019,2,15,1,2019-02,4,0,MASCULINO,0,ADULTOS,ADULTO,SIN EMPLEO DE ARMAS,SIN_ARMA,HURTO,HURTO ABIGEATO,1,0
SANTANDER,LEBRIJA,2019-02-13,2019,2,13,1,2019-02,2,0,FEMENINO,1,ADULTOS,ADULTO,SIN EMPLEO DE ARMAS,SIN_ARMA,HURTO,HURTO ABIGEATO,1,1
SANTANDER,BOLÍVAR,2019-03-09,2019,3,9,1,2019-03,5,1,MASCULINO,0,ADULTOS,ADULTO,SIN EMPLEO DE ARMAS,SIN_ARMA,HURTO,HURTO ABIGEATO,1,0
SANTANDER,VÉLEZ,2019-01-11,2019,1,11,1,2019-01,4,0,MASCULINO,0,ADULTOS,ADULTO,SIN EMPLEO DE ARMAS,SIN_ARMA,HURTO,HURTO ABIGEATO,1,0
SANTANDER,MÁLAGA,2019-03-19,2019,3,19,1,2019-03,1,0,FEMENINO,1,ADULTOS,ADULTO,SIN EMPLEO DE ARMAS,SIN_ARMA,HURTO,HURTO ABIGEATO,1,0
SANTANDER,LA BELLEZA,2019-02-13,2019,2,13,1,2019-02,2,0,MASCULINO,0,ADULTOS,ADULTO,SIN EMPLEO DE ARMAS,SIN_ARMA,HURTO,HURTO ABIGEATO,1,0
SANTANDER,SABANA DE TORRES,2019-03-19,2019,3,19,1,2019-03,1,0,FEMENINO,1,ADULTOS,ADULTO,SIN EMPLEO DE ARMAS,SIN_ARMA,HURTO,HURTO ABIGEATO,1,0
SANTANDER,SABANA DE TORRES,2019-03-17,2019,3,17,1,2019-03,6,1,FEMENINO,1,ADULTOS,ADULTO,SIN EMPLEO DE ARMAS,SIN_ARMA,HURTO,HURTO ABIGEATO,1,0
SANTANDER,SAN GIL,2019-04-04,2019,4,4,2,2019-04,3,0,FEMENINO,1,ADULTOS,ADULTO,SIN EMPLEO DE ARMAS,SIN_ARMA,HURTO,HURTO ABIGEATO,1,0
SANTANDER,LEBRIJA,2019-04-15,2019,4,15,2,2019-04,0,0,FEMENINO,1,ADULTOS,ADULTO,SIN EMPLEO DE ARMAS,SIN_ARMA,HURTO,HURTO ABIGEATO,1,1
SANTANDER,LA BELLEZA,2019-02-13,2019,2,13,1,2019-02,2,0,MASCULINO,0,ADULTOS,ADULTO,SIN EMPLEO DE ARMAS,SIN_ARMA,HURTO,HURTO ABIGEATO,1,0
SANTANDER,PUERTO PARRA,2019-03-31,2019,3,31,1,2019-03,6,1,MASCULINO,0,ADULTOS,ADULTO,SIN EMPLEO DE ARMAS,SIN_ARMA,HURTO,HURTO ABIGEATO,1,0
SANTANDER,BARRANCABERMEJA,2019-04-27,2019,4,27,2,2019-04,5,1,MASCULINO,0,ADULTOS,ADULTO,SIN EMPLEO DE ARMAS,SIN_ARMA,HURTO,HURTO ABIGEATO,1,0
SANTANDER,TONA,2019-03-13,2019,3,13,1,2019-03,2,0,MASCULINO,0,ADULTOS,ADULTO,SIN EMPLEO DE ARMAS,SIN_ARMA,HURTO,HURTO ABIGEATO,1,0
SANTANDER,TONA,2019-02-11,2019,2,11,1,2019-02,0,0,MASCULINO,0,ADULTOS,ADULTO,SIN EMPLEO DE ARMAS,SIN_ARMA,HURTO,HURTO ABIGEATO,1,0
SANTANDER,OIBA,2019-04-08,2019,4,8,2,2019-04,0,0,MASCULINO,0,ADULTOS,ADULTO,SIN EMPLEO DE ARMAS,SIN_ARMA,HURTO,HURTO ABIGEATO,1,0
SANTANDER,BOLÍVAR,2019-05-06,2019,5,6,2,2019-05,0,0,MASCULINO,0,ADULTOS,ADULTO,SIN EMPLEO DE ARMAS,SIN_ARMA,HURTO,HURTO ABIGEATO,1,0
SANTANDER,SABANA DE TORRES,2019-05-19,2019,5,19,2,2019-05,6,1,MASCULINO,0,ADULTOS,ADULTO,SIN EMPLEO DE ARMAS,SIN_ARMA,HURTO,HURTO ABIGEATO,1,0
SANTANDER,CIMITARRA,2019-05-22,2019,5,22,2,2019-05,2,0,MASCULINO,0,ADULTOS,ADULTO,SIN EMPLEO DE ARMAS,SIN_ARMA,HURTO,HURTO ABIGEATO,1,0
SANTANDER,CIMITARRA,2019-05-24,2019,5,24,2,2019-05,4,0,MASCULINO,0,ADULTOS,ADULTO,SIN EMPLEO DE ARMAS,SIN_ARMA,HURTO,HURTO ABIGEATO,1,0
SANTANDER,RIONEGRO,2019-05-29,2019,5,29,2,2019-05,2,0,FEMENINO,1,ADULTOS,ADULTO,SIN EMPLEO DE ARMAS,SIN_ARMA,HURTO,HURTO ABIGEATO,1,0
SANTANDER,MÁLAGA,2019-05-31,2019,5,31,2,2019-05,4,0,MASCULINO,0,ADULTOS,ADULTO,SIN EMPLEO DE ARMAS,SIN_ARMA,HURTO,HURTO ABIGEATO,1,0
SANTANDER,BARRANCABERMEJA,2019-06-07,2019,6,7,2,2019-06,4,0,MASCULINO,0,ADULTOS,ADULTO,SIN EMPLEO DE ARMAS,SIN_ARMA,HURTO,HURTO ABIGEATO,1,0
SANTANDER,PUERTO WILCHES,2019-05-22,2019,5,22,2,2019-05,2,0,MASCULINO,0,ADULTOS,ADULTO,SIN EMPLEO DE ARMAS,SIN_ARMA,HURTO,HURTO ABIGEATO,1,0
SANTANDER,MOLAGAVITA,2019-05-14,2019,5,14,2,2019-05,1,0,MASCULINO,0,ADULTOS,ADULTO,SIN EMPLEO DE ARMAS,SIN_ARMA,HURTO,HURTO ABIGEATO,1,0
SANTANDER,SAN ANDRÉS,2019-04-26,2019,4,26,2,2019-04,4,0,MASCULINO,0,ADULTOS,ADULTO,SIN EMPLEO DE ARMAS,SIN_ARMA,HURTO,HURTO ABIGEATO,1,0
SANTANDER,SAN ANDRÉS,2019-05-14,2019,5,14,2,2019-05,1,0,MASCULINO,0,ADULTOS,ADULTO,SIN EMPLEO DE ARMAS,SIN_ARMA,HURTO,HURTO ABIGEATO,1,0
SANTANDER,SABANA DE TORRES,2019-06-08,2019,6,8,2,2019-06,5,1,FEMENINO,1,ADULTOS,ADULTO,SIN EMPLEO DE ARMAS,SIN_ARMA,HURTO,HURTO ABIGEATO,1,0
SANTANDER,TONA,2019-05-12,2019,5,12,2,2019-05,6,1,MASCULINO,0,ADULTOS,ADULTO,SIN EMPLEO DE ARMAS,SIN_ARMA,HURTO,HURTO ABIGEATO,1,0
SANTANDER,BUCARAMANGA (CT),2019-06-20,2019,6,20,2,2019-06,3,0,FEMENINO,1,ADULTOS,ADULTO,SIN EMPLEO DE ARMAS,SIN_ARMA,HURTO,HURTO ABIGEATO,1,1
SANTANDER,CAPITANEJO,2019-06-18,2019,6,18,2,2019-06,1,0,MASCULINO,0,ADULTOS,ADULTO,SIN EMPLEO DE ARMAS,SIN_ARMA,HURTO,HURTO ABIGEATO,1,0
SANTANDER,GAMBITA,2019-06-12,2019,6,12,2,2019-06,2,0,MASCULINO,0,ADULTOS,ADULTO,SIN EMPLEO DE ARMAS,SIN_ARMA,HURTO,HURTO ABIGEATO,1,0
SANTANDER,SAN VICENTE DE CHUCURÍ,2019-05-08,2019,5,8,2,2019-05,2,0,MASCULINO,0,ADULTOS,ADULTO,SIN EMPLEO DE ARMAS,SIN_ARMA,HURTO,HURTO ABIGEATO,1,0
SANTANDER,BARRANCABERMEJA,2019-05-29,2019,5,29,2,2019-05,2,0,FEMENINO,1,ADULTOS,ADULTO,SIN EMPLEO DE ARMAS,SIN_ARMA,HURTO,HURTO ABIGEATO,1,0
SANTANDER,BARRANCABERMEJA,2019-05-30,2019,5,30,2,2019-05,3,0,FEMENINO,1,ADULTOS,ADULTO,SIN EMPLEO DE ARMAS,SIN_ARMA,HURTO,HURTO ABIGEATO,1,0
SANTANDER,CURITÍ,2019-06-29,2019,6,29,2,2019-06,5,1,MASCULINO,0,ADULTOS,ADULTO,SIN EMPLEO DE ARMAS,SIN_ARMA,HURTO,HURTO ABIGEATO,1,0
SANTANDER,OIBA,2019-07-08,2019,7,8,3,2019-07,0,0,FEMENINO,1,ADULTOS,ADULTO,SIN EMPLEO DE ARMAS,SIN_ARMA,HURTO,HURTO ABIGEATO,1,0
SANTANDER,GIRÓN,2019-07-10,2019,7,10,3,2019-07,2,0,MASCULINO,0,ADULTOS,ADULTO,SIN EMPLEO DE ARMAS,SIN_ARMA,HURTO,HURTO ABIGEATO,1,1
SANTANDER,VÉLEZ,2019-07-05,2019,7,5,3,2019-07,4,0,FEMENINO,1,ADULTOS,ADULTO,SIN EMPLEO DE ARMAS,SIN_ARMA,HURTO,HURTO ABIGEATO,1,0
SANTANDER,CIMITARRA,2019-07-03,2019,7,3,3,2019-07,2,0,FEMENINO,1,ADULTOS,ADULTO,SIN EMPLEO DE ARMAS,SIN_ARMA,HURTO,HURTO ABIGEATO,1,0
SANTANDER,ALBANIA,2019-07-28,2019,7,28,3,2019-07,6,1,MASCULINO,0,ADULTOS,ADULTO,SIN EMPLEO DE ARMAS,SIN_ARMA,HURTO,HURTO ABIGEATO,1,0
SANTANDER,CIMITARRA,2019-01-19,2019,1,19,1,2019-01,5,1,FEMENINO,1,ADULTOS,ADULTO,SIN EMPLEO DE ARMAS,SIN_ARMA,HURTO,HURTO ABIGEATO,1,0
SANTANDER,BARRANCABERMEJA,2019-08-01,2019,8,1,3,2019-08,3,0,MASCULINO,0,ADULTOS,ADULTO,SIN EMPLEO DE ARMAS,SIN_ARMA,HURTO,HURTO ABIGEATO,1,0
SANTANDER,PUERTO WILCHES,2019-07-13,2019,7,13,3,2019-07,5,1,MASCULINO,0,ADULTOS,ADULTO,SIN EMPLEO DE ARMAS,SIN_ARMA,HURTO,HURTO ABIGEATO,1,0
SANTANDER,GIRÓN,2019-08-05,2019,8,5,3,2019-08,0,0,FEMENINO,1,ADULTOS,ADULTO,SIN EMPLEO DE ARMAS,SIN_ARMA,HURTO,HURTO ABIGEATO,1,1
SANTANDER,BARRANCABERMEJA,2019-07-31,2019,7,31,3,2019-07,2,0,,-1,ADULTOS,ADULTO,SIN EMPLEO DE ARMAS,SIN_ARMA,HURTO,HURTO ABIGEATO,1,0
SANTANDER,BARRANCABERMEJA,2019-07-31,2019,7,31,3,2019-07,2,0,MASCULINO,0,ADULTOS,ADULTO,SIN EMPLEO DE ARMAS,SIN_ARMA,HURTO,HURTO ABIGEATO,1,0
SANTANDER,PUERTO PARRA,2019-06-15,2019,6,15,2,2019-06,5,1,FEMENINO,1,ADULTOS,ADULTO,SIN EMPLEO DE ARMAS,SIN_ARMA,HURTO,HURTO ABIGEATO,1,0
SANTANDER,FLORIÁN,2019-07-09,2019,7,9,3,2019-07,1,0,MASCULINO,0,ADULTOS,ADULTO,SIN EMPLEO DE ARMAS,SIN_ARMA,HURTO,HURTO ABIGEATO,1,0
SANTANDER,ALBANIA,2019-07-05,2019,7,5,3,2019-07,4,0,MASCULINO,0,ADULTOS,ADULTO,SIN EMPLEO DE ARMAS,SIN_ARMA,HURTO,HURTO ABIGEATO,1,0
SANTANDER,BARRANCABERMEJA,2019-07-05,2019,7,5,3,2019-07,4,0,MASCULINO,0,ADULTOS,ADULTO,SIN EMPLEO DE ARMAS,SIN_ARMA,HURTO,HURTO ABIGEATO,1,0
SANTANDER,BOLÍVAR,2019-08-20,2019,8,20,3,2019-08,1,0,MASCULINO,0,ADULTOS,ADULTO,SIN EMPLEO DE ARMAS,SIN_ARMA,HURTO,HURTO ABIGEATO,1,0
SANTANDER,RIONEGRO,2019-08-12,2019,8,12,3,2019-08,0,0,MASCULINO,0,ADULTOS,ADULTO,SIN EMPLEO DE ARMAS,SIN_ARMA,HURTO,HURTO ABIGEATO,1,0
SANTANDER,FLORIÁN,2019-08-26,2019,8,26,3,2019-08,0,0,MASCULINO,0,ADULTOS,ADULTO,SIN EMPLEO DE ARMAS,SIN_ARMA,HURTO,HURTO ABIGEATO,1,0
SANTANDER,PUENTE NACIONAL,2019-06-28,2019,6,28,2,2019-06,4,0,MASCULINO,0,ADULTOS,ADULTO,SIN EMPLEO DE ARMAS,SIN_ARMA,HURTO,HURTO ABIGEATO,1,0
SANTANDER,GAMBITA,2019-08-01,2019,8,1,3,2019-08,3,0,MASCULINO,0,ADULTOS,ADULTO,SIN EMPLEO DE ARMAS,SIN_ARMA,HURTO,HURTO ABIGEATO,1,0
SANTANDER,SABANA DE TORRES,2019-07-23,2019,7,23,3,2019-07,1,0,MASCULINO,0,ADULTOS,ADULTO,SIN EMPLEO DE ARMAS,SIN_ARMA,HURTO,HURTO ABIGEATO,1,0
SANTANDER,SABANA DE TORRES,2019-01-10,2019,1,10,1,2019-01,3,0,MASCULINO,0,ADULTOS,ADULTO,SIN EMPLEO DE ARMAS,SIN_ARMA,HURTO,HURTO ABIGEATO,1,0
SANTANDER,BARRANCABERMEJA,2019-06-14,2019,6,14,2,2019-06,4,0,MASCULINO,0,ADULTOS,ADULTO,SIN EMPLEO DE ARMAS,SIN_ARMA,HURTO,HURTO ABIGEATO,1,0
SANTANDER,LANDÁZURI,2019-08-07,2019,8,7,3,2019-08,2,0,FEMENINO,1,ADULTOS,ADULTO,SIN EMPLEO DE ARMAS,SIN_ARMA,HURTO,HURTO ABIGEATO,1,0
SANTANDER,SABANA DE TORRES,2019-08-04,2019,8,4,3,2019-08,6,1,MASCULINO,0,ADULTOS,ADULTO,SIN EMPLEO DE ARMAS,SIN_ARMA,HURTO,HURTO ABIGEATO,1,0
SANTANDER,BARRANCABERMEJA,2018-05-26,2018,5,26,2,2018-05,5,1,MASCULINO,0,ADULTOS,ADULTO,SIN EMPLEO DE ARMAS,SIN_ARMA,HURTO,HURTO ABIGEATO,1,0
SANTANDER,LANDÁZURI,2018-06-08,2018,6,8,2,2018-06,4,0,MASCULINO,0,ADULTOS,ADULTO,SIN EMPLEO DE ARMAS,SIN_ARMA,HURTO,HURTO ABIGEATO,1,0
SANTANDER,CIMITARRA,2018-05-31,2018,5,31,2,2018-05,3,0,MASCULINO,0,ADULTOS,ADULTO,SIN EMPLEO DE ARMAS,SIN_ARMA,HURTO,HURTO ABIGEATO,1,0
SANTANDER,PIEDECUESTA,2018-06-14,2018,6,14,2,2018-06,3,0,MASCULINO,0,ADULTOS,ADULTO,SIN EMPLEO DE ARMAS,SIN_ARMA,HURTO,HURTO ABIGEATO,1,1
SANTANDER,VÉLEZ,2018-06-12,2018,6,12,2,2018-06,1,0,FEMENINO,1,ADULTOS,ADULTO,SIN EMPLEO DE ARMAS,SIN_ARMA,HURTO,HURTO ABIGEATO,1,0
SANTANDER,CIMITARRA,2018-06-12,2018,6,12,2,2018-06,1,0,MASCULINO,0,ADULTOS,ADULTO,SIN EMPLEO DE ARMAS,SIN_ARMA,HURTO,HURTO ABIGEATO,1,0
SANTANDER,BARRANCABERMEJA,2018-06-22,2018,6,22,2,2018-06,4,0,FEMENINO,1,ADULTOS,ADULTO,SIN EMPLEO DE ARMAS,SIN_ARMA,HURTO,HURTO ABIGEATO,1,0
SANTANDER,LOS SANTOS,2018-06-01,2018,6,1,2,2018-06,4,0,FEMENINO,1,ADULTOS,ADULTO,SIN EMPLEO DE ARMAS,SIN_ARMA,HURTO,HURTO ABIGEATO,1,0
SANTANDER,BARRANCABERMEJA,2018-06-27,2018,6,27,2,2018-06,2,0,MASCULINO,0,ADULTOS,ADULTO,SIN EMPLEO DE ARMAS,SIN_ARMA,HURTO,HURTO ABIGEATO,1,0
SANTANDER,BOLÍVAR,2018-07-04,2018,7,4,3,2018-07,2,0,FEMENINO,1,ADULTOS,ADULTO,SIN EMPLEO DE ARMAS,SIN_ARMA,HURTO,HURTO ABIGEATO,1,0
SANTANDER,GIRÓN,2018-07-07,2018,7,7,3,2018-07,5,1,MASCULINO,0,ADULTOS,ADULTO,SIN EMPLEO DE ARMAS,SIN_ARMA,HURTO,HURTO ABIGEATO,1,1
SANTANDER,FLORIDABLANCA,2018-07-15,2018,7,15,3,2018-07,6,1,MASCULINO,0,ADULTOS,ADULTO,SIN EMPLEO DE ARMAS,SIN_ARMA,HURTO,HURTO ABIGEATO,1,1
SANTANDER,FLORIDABLANCA,2018-07-18,2018,7,18,3,2018-07,2,0,MASCULINO,0,ADULTOS,ADULTO,SIN EMPLEO DE ARMAS,SIN_ARMA,HURTO,HURTO ABIGEATO,1,1
SANTANDER,GIRÓN,2018-07-09,2018,7,9,3,2018-07,0,0,MASCULINO,0,ADULTOS,ADULTO,SIN EMPLEO DE ARMAS,SIN_ARMA,HURTO,HURTO ABIGEATO,1,1
SANTANDER,PIEDECUESTA,2018-07-28,2018,7,28,3,2018-07,5,1,MASCULINO,0,ADULTOS,ADULTO,SIN EMPLEO DE ARMAS,SIN_ARMA,HURTO,HURTO ABIGEATO,1,1
SANTANDER,CIMITARRA,2018-06-27,2018,6,27,2,2018-06,2,0,FEMENINO,1,ADULTOS,ADULTO,SIN EMPLEO DE ARMAS,SIN_ARMA,HURTO,HURTO ABIGEATO,1,0
SANTANDER,PIEDECUESTA,2018-08-03,2018,8,3,3,2018-08,4,0,MASCULINO,0,ADULTOS,ADULTO,SIN EMPLEO DE ARMAS,SIN_ARMA,HURTO,HURTO ABIGEATO,1,1
SANTANDER,CIMITARRA,2018-07-14,2018,7,14,3,2018-07,5,1,MASCULINO,0,ADULTOS,ADULTO,SIN EMPLEO DE ARMAS,SIN_ARMA,HURTO,HURTO ABIGEATO,1,0
SANTANDER,GUAPOTÁ,2018-08-03,2018,8,3,3,2018-08,4,0,MASCULINO,0,ADULTOS,ADULTO,SIN EMPLEO DE ARMAS,SIN_ARMA,HURTO,HURTO ABIGEATO,1,0
SANTANDER,MATANZA,2018-05-23,2018,5,23,2,2018-05,2,0,MASCULINO,0,ADULTOS,ADULTO,SIN EMPLEO DE ARMAS,SIN_ARMA,HURTO,HURTO ABIGEATO,1,0
SANTANDER,SABANA DE TORRES,2018-08-15,2018,8,15,3,2018-08,2,0,MASCULINO,0,ADULTOS,ADULTO,SIN EMPLEO DE ARMAS,SIN_ARMA,HURTO,HURTO ABIGEATO,1,0
SANTANDER,CIMITARRA,2018-08-16,2018,8,16,3,2018-08,3,0,MASCULINO,0,ADULTOS,ADULTO,SIN EMPLEO DE ARMAS,SIN_ARMA,HURTO,HURTO ABIGEATO,1,0
SANTANDER,SAN VICENTE DE CHUCURÍ,2018-08-18,2018,8,18,3,2018-08,5,1,MASCULINO,0,ADULTOS,ADULTO,SIN EMPLEO DE ARMAS,SIN_ARMA,HURTO,HURTO ABIGEATO,1,0
SANTANDER,BARRANCABERMEJA,2018-07-09,2018,7,9,3,2018-07,0,0,FEMENINO,1,ADULTOS,ADULTO,SIN EMPLEO DE ARMAS,SIN_ARMA,HURTO,HURTO ABIGEATO,1,0
SANTANDER,BARBOSA,2018-08-26,2018,8,26,3,2018-08,6,1,MASCULINO,0,ADULTOS,ADULTO,SIN EMPLEO DE ARMAS,SIN_ARMA,HURTO,HURTO ABIGEATO,1,0
SANTANDER,TONA,2018-07-29,2018,7,29,3,2018-07,6,1,MASCULINO,0,ADULTOS,ADULTO,SIN EMPLEO DE ARMAS,SIN_ARMA,HURTO,HURTO ABIGEATO,1,0
SANTANDER,VÉLEZ,2018-08-19,2018,8,19,3,2018-08,6,1,FEMENINO,1,ADULTOS,ADULTO,SIN EMPLEO DE ARMAS,SIN_ARMA,HURTO,HURTO ABIGEATO,1,0
SANTANDER,PÁRAMO,2018-07-30,2018,7,30,3,2018-07,0,0,MASCULINO,0,ADULTOS,ADULTO,SIN EMPLEO DE ARMAS,SIN_ARMA,HURTO,HURTO ABIGEATO,1,0
SANTANDER,CURITÍ,2018-09-06,2018,9,6,3,2018-09,3,0,FEMENINO,1,ADULTOS,ADULTO,SIN EMPLEO DE ARMAS,SIN_ARMA,HURTO,HURTO ABIGEATO,1,0
SANTANDER,PUERTO PARRA,2018-02-28,2018,2,28,1,2018-02,2,0,MASCULINO,0,ADULTOS,ADULTO,SIN EMPLEO DE ARMAS,SIN_ARMA,HURTO,HURTO ABIGEATO,1,0
SANTANDER,CIMITARRA,2018-09-18,2018,9,18,3,2018-09,1,0,MASCULINO,0,ADULTOS,ADULTO,SIN EMPLEO DE ARMAS,SIN_ARMA,HURTO,HURTO ABIGEATO,1,0
SANTANDER,TONA,2018-09-07,2018,9,7,3,2018-09,4,0,MASCULINO,0,ADULTOS,ADULTO,SIN EMPLEO DE ARMAS,SIN_ARMA,HURTO,HURTO ABIGEATO,1,0
SANTANDER,CHARTA,2018-07-25,2018,7,25,3,2018-07,2,0,MASCULINO,0,ADULTOS,ADULTO,SIN EMPLEO DE ARMAS,SIN_ARMA,HURTO,HURTO ABIGEATO,1,0
SANTANDER,LANDÁZURI,2017-03-06,2017,3,6,1,2017-03,0,0,MASCULINO,0,ADULTOS,ADULTO,SIN EMPLEO DE ARMAS,SIN_ARMA,HURTO,HURTO ABIGEATO,1,0
SANTANDER,TONA,2018-07-29,2018,7,29,3,2018-07,6,1,MASCULINO,0,ADULTOS,ADULTO,SIN EMPLEO DE ARMAS,SIN_ARMA,HURTO,HURTO ABIGEATO,1,0
SANTANDER,TONA,2018-09-02,2018,9,2,3,2018-09,6,1,FEMENINO,1,ADULTOS,ADULTO,SIN EMPLEO DE ARMAS,SIN_ARMA,HURTO,HURTO ABIGEATO,1,0
SANTANDER,TONA,2018-09-20,2018,9,20,3,2018-09,3,0,MASCULINO,0,ADULTOS,ADULTO,SIN EMPLEO DE ARMAS,SIN_ARMA,HURTO,HURTO ABIGEATO,1,0
SANTANDER,SOCORRO,2018-09-18,2018,9,18,3,2018-09,1,0,FEMENINO,1,ADULTOS,ADULTO,SIN EMPLEO DE ARMAS,SIN_ARMA,HURTO,HURTO ABIGEATO,1,0
SANTANDER,CIMITARRA,2018-10-14,2018,10,14,4,2018-10,6,1,MASCULINO,0,ADULTOS,ADULTO,SIN EMPLEO DE ARMAS,SIN_ARMA,HURTO,HURTO ABIGEATO,1,0
SANTANDER,VÉLEZ,2018-10-15,2018,10,15,4,2018-10,0,0,MASCULINO,0,ADULTOS,ADULTO,SIN EMPLEO DE ARMAS,SIN_ARMA,HURTO,HURTO ABIGEATO,1,0
SANTANDER,FLORIÁN,2018-07-22,2018,7,22,3,2018-07,6,1,MASCULINO,0,ADULTOS,ADULTO,SIN EMPLEO DE ARMAS,SIN_ARMA,HURTO,HURTO ABIGEATO,1,0
SANTANDER,VETAS,2018-10-27,2018,10,27,4,2018-10,5,1,FEMENINO,1,ADULTOS,ADULTO,SIN EMPLEO DE ARMAS,SIN_ARMA,HURTO,HURTO ABIGEATO,1,0
SANTANDER,FLORIÁN,2018-07-22,2018,7,22,3,2018-07,6,1,MASCULINO,0,ADULTOS,ADULTO,SIN EMPLEO DE ARMAS,SIN_ARMA,HURTO,HURTO ABIGEATO,1,0
SANTANDER,SAN GIL,2018-11-07,2018,11,7,4,2018-11,2,0,MASCULINO,0,ADULTOS,ADULTO,SIN EMPLEO DE ARMAS,SIN_ARMA,HURTO,HURTO ABIGEATO,1,0
SANTANDER,BARRANCABERMEJA,2018-11-09,2018,11,9,4,2018-11,4,0,MASCULINO,0,ADULTOS,ADULTO,SIN EMPLEO DE ARMAS,SIN_ARMA,HURTO,HURTO ABIGEATO,1,0
SANTANDER,BARRANCABERMEJA,2018-11-09,2018,11,9,4,2018-11,4,0,FEMENINO,1,ADULTOS,ADULTO,SIN EMPLEO DE ARMAS,SIN_ARMA,HURTO,HURTO ABIGEATO,1,0
SANTANDER,SAN JOAQUÍN,2018-10-17,2018,10,17,4,2018-10,2,0,MASCULINO,0,ADULTOS,ADULTO,SIN EMPLEO DE ARMAS,SIN_ARMA,HURTO,HURTO ABIGEATO,1,0
SANTANDER,CHIPATÁ,2018-10-25,2018,10,25,4,2018-10,3,0,FEMENINO,1,ADULTOS,ADULTO,SIN EMPLEO DE ARMAS,SIN_ARMA,HURTO,HURTO ABIGEATO,1,0
SANTANDER,SAN GIL,2018-11-10,2018,11,10,4,2018-11,5,1,FEMENINO,1,ADULTOS,ADULTO,SIN EMPLEO DE ARMAS,SIN_ARMA,HURTO,HURTO ABIGEATO,1,0
SANTANDER,SABANA DE TORRES,2018-10-29,2018,10,29,4,2018-10,0,0,MASCULINO,0,ADULTOS,ADULTO,SIN EMPLEO DE ARMAS,SIN_ARMA,HURTO,HURTO ABIGEATO,1,0
SANTANDER,BETULIA,2018-11-11,2018,11,11,4,2018-11,6,1,FEMENINO,1,ADULTOS,ADULTO,SIN EMPLEO DE ARMAS,SIN_ARMA,HURTO,HURTO ABIGEATO,1,0
SANTANDER,BETULIA,2018-11-01,2018,11,1,4,2018-11,3,0,MASCULINO,0,ADULTOS,ADULTO,SIN EMPLEO DE ARMAS,SIN_ARMA,HURTO,HURTO ABIGEATO,1,0
SANTANDER,PIEDECUESTA,2018-12-13,2018,12,13,4,2018-12,3,0,MASCULINO,0,ADULTOS,ADULTO,SIN EMPLEO DE ARMAS,SIN_ARMA,HURTO,HURTO ABIGEATO,1,1
SANTANDER,PIEDECUESTA,2018-12-26,2018,12,26,4,2018-12,2,0,MASCULINO,0,ADULTOS,ADULTO,SIN EMPLEO DE ARMAS,SIN_ARMA,HURTO,HURTO ABIGEATO,1,1
SANTANDER,RIONEGRO,2018-11-29,2018,11,29,4,2018-11,3,0,MASCULINO,0,ADULTOS,ADULTO,SIN EMPLEO DE ARMAS,SIN_ARMA,HURTO,HURTO ABIGEATO,1,0
SANTANDER,BARRANCABERMEJA,2018-08-21,2018,8,21,3,2018-08,1,0,FEMENINO,1,ADULTOS,ADULTO,SIN EMPLEO DE ARMAS,SIN_ARMA,HURTO,HURTO ABIGEATO,1,0
SANTANDER,PUERTO WILCHES,2018-12-30,2018,12,30,4,2018-12,6,1,MASCULINO,0,ADULTOS,ADULTO,SIN EMPLEO DE ARMAS,SIN_ARMA,HURTO,HURTO ABIGEATO,1,0
SANTANDER,VÉLEZ,2018-12-22,2018,12,22,4,2018-12,5,1,MASCULINO,0,ADULTOS,ADULTO,SIN EMPLEO DE ARMAS,SIN_ARMA,HURTO,HURTO ABIGEATO,1,0
SANTANDER,SAN VICENTE DE CHUCURÍ,2018-11-01,2018,11,1,4,2018-11,3,0,MASCULINO,0,ADULTOS,ADULTO,SIN EMPLEO DE ARMAS,SIN_ARMA,HURTO,HURTO ABIGEATO,1,0
SANTANDER,SABANA DE TORRES,2018-12-01,2018,12,1,4,2018-12,5,1,MASCULINO,0,ADULTOS,ADULTO,SIN EMPLEO DE ARMAS,SIN_ARMA,HURTO,HURTO ABIGEATO,1,0
SANTANDER,SABANA DE TORRES,2018-12-03,2018,12,3,4,2018-12,0,0,MASCULINO,0,ADULTOS,ADULTO,SIN EMPLEO DE ARMAS,SIN_ARMA,HURTO,HURTO ABIGEATO,1,0
SANTANDER,PUERTO PARRA,2017-01-14,2017,1,14,1,2017-01,5,1,MASCULINO,0,ADULTOS,ADULTO,SIN EMPLEO DE ARMAS,SIN_ARMA,HURTO,HURTO ABIGEATO,1,0
SANTANDER,PUERTO PARRA,2017-01-30,2017,1,30,1,2017-01,0,0,MASCULINO,0,ADULTOS,ADULTO,SIN EMPLEO DE ARMAS,SIN_ARMA,HURTO,HURTO ABIGEATO,1,0
SANTANDER,BARRANCABERMEJA,2017-11-02,2017,11,2,4,2017-11,3,0,MASCULINO,0,ADULTOS,ADULTO,SIN EMPLEO DE ARMAS,SIN_ARMA,HURTO,HURTO ABIGEATO,1,0
SANTANDER,GUACA,2018-01-17,2018,1,17,1,2018-01,2,0,MASCULINO,0,ADULTOS,ADULTO,SIN EMPLEO DE ARMAS,SIN_ARMA,HURTO,HURTO ABIGEATO,1,0
SANTANDER,BARRANCABERMEJA,2018-02-12,2018,2,12,1,2018-02,0,0,FEMENINO,1,ADULTOS,ADULTO,SIN EMPLEO DE ARMAS,SIN_ARMA,HURTO,HURTO ABIGEATO,1,0
SANTANDER,SIMACOTA,2018-01-08,2018,1,8,1,2018-01,0,0,FEMENINO,1,ADULTOS,ADULTO,SIN EMPLEO DE ARMAS,SIN_ARMA,HURTO,HURTO ABIGEATO,1,0
SANTANDER,BARRANCABERMEJA,2017-02-02,2017,2,2,1,2017-02,3,0,MASCULINO,0,ADULTOS,ADULTO,SIN EMPLEO DE ARMAS,SIN_ARMA,HURTO,HURTO ABIGEATO,1,0
SANTANDER,BARRANCABERMEJA,2017-02-08,2017,2,8,1,2017-02,2,0,MASCULINO,0,ADULTOS,ADULTO,SIN EMPLEO DE ARMAS,SIN_ARMA,HURTO,HURTO ABIGEATO,1,0
SANTANDER,BARRANCABERMEJA,2018-02-21,2018,2,21,1,2018-02,2,0,MASCULINO,0,ADULTOS,ADULTO,SIN EMPLEO DE ARMAS,SIN_ARMA,HURTO,HURTO ABIGEATO,1,0
SANTANDER,BARRANCABERMEJA,2017-11-08,2017,11,8,4,2017-11,2,0,MASCULINO,0,ADULTOS,ADULTO,SIN EMPLEO DE ARMAS,SIN_ARMA,HURTO,HURTO ABIGEATO,1,0
SANTANDER,VÉLEZ,2017-11-01,2017,11,1,4,2017-11,2,0,MASCULINO,0,ADULTOS,ADULTO,SIN EMPLEO DE ARMAS,SIN_ARMA,HURTO,HURTO ABIGEATO,1,0
SANTANDER,GUADALUPE,2017-03-29,2017,3,29,1,2017-03,2,0,MASCULINO,0,ADULTOS,ADULTO,SIN EMPLEO DE ARMAS,SIN_ARMA,HURTO,HURTO ABIGEATO,1,0
SANTANDER,TONA,2017-12-01,2017,12,1,4,2017-12,4,0,FEMENINO,1,ADULTOS,ADULTO,SIN EMPLEO DE ARMAS,SIN_ARMA,HURTO,HURTO ABIGEATO,1,0
SANTANDER,SIMACOTA,2017-05-11,2017,5,11,2,2017-05,3,0,MASCULINO,0,ADULTOS,ADULTO,SIN EMPLEO DE ARMAS,SIN_ARMA,HURTO,HURTO ABIGEATO,1,0
SANTANDER,PUERTO PARRA,2017-05-15,2017,5,15,2,2017-05,0,0,MASCULINO,0,ADULTOS,ADULTO,SIN EMPLEO DE ARMAS,SIN_ARMA,HURTO,HURTO ABIGEATO,1,0
SANTANDER,PIEDECUESTA,2018-03-13,2018,3,13,1,2018-03,1,0,MASCULINO,0,ADULTOS,ADULTO,SIN EMPLEO DE ARMAS,SIN_ARMA,HURTO,HURTO ABIGEATO,1,1
SANTANDER,PUERTO WILCHES,2018-03-06,2018,3,6,1,2018-03,1,0,FEMENINO,1,ADULTOS,ADULTO,SIN EMPLEO DE ARMAS,SIN_ARMA,HURTO,HURTO ABIGEATO,1,0
SANTANDER,FLORIDABLANCA,2018-03-20,2018,3,20,1,2018-03,1,0,FEMENINO,1,ADULTOS,ADULTO,SIN EMPLEO DE ARMAS,SIN_ARMA,HURTO,HURTO ABIGEATO,1,1
SANTANDER,PUERTO PARRA,2017-06-26,2017,6,26,2,2017-06,0,0,MASCULINO,0,ADULTOS,ADULTO,SIN EMPLEO DE ARMAS,SIN_ARMA,HURTO,HURTO ABIGEATO,1,0
SANTANDER,BARRANCABERMEJA,2017-06-03,2017,6,3,2,2017-06,5,1,MASCULINO,0,ADULTOS,ADULTO,SIN EMPLEO DE ARMAS,SIN_ARMA,HURTO,HURTO ABIGEATO,1,0
SANTANDER,PUERTO PARRA,2017-06-06,2017,6,6,2,2017-06,1,0,MASCULINO,0,ADULTOS,ADULTO,SIN EMPLEO DE ARMAS,SIN_ARMA,HURTO,HURTO ABIGEATO,1,0
SANTANDER,PUERTO PARRA,2017-06-22,2017,6,22,2,2017-06,3,0,MASCULINO,0,ADULTOS,ADULTO,SIN EMPLEO DE ARMAS,SIN_ARMA,HURTO,HURTO ABIGEATO,1,0
SANTANDER,BARRANCABERMEJA,2017-06-17,2017,6,17,2,2017-06,5,1,MASCULINO,0,ADULTOS,ADULTO,SIN EMPLEO DE ARMAS,SIN_ARMA,HURTO,HURTO ABIGEATO,1,0
SANTANDER,SIMACOTA,2018-01-05,2018,1,5,1,2018-01,4,0,MASCULINO,0,ADULTOS,ADULTO,SIN EMPLEO DE ARMAS,SIN_ARMA,HURTO,HURTO ABIGEATO,1,0
SANTANDER,MATANZA,2018-03-02,2018,3,2,1,2018-03,4,0,MASCULINO,0,ADULTOS,ADULTO,SIN EMPLEO DE ARMAS,SIN_ARMA,HURTO,HURTO ABIGEATO,1,0
SANTANDER,BARBOSA,2018-03-20,2018,3,20,1,2018-03,1,0,FEMENINO,1,ADULTOS,ADULTO,SIN EMPLEO DE ARMAS,SIN_ARMA,HURTO,HURTO ABIGEATO,1,0
SANTANDER,BARRANCABERMEJA,2017-07-20,2017,7,20,3,2017-07,3,0,MASCULINO,0,ADULTOS,ADULTO,SIN EMPLEO DE ARMAS,SIN_ARMA,HURTO,HURTO ABIGEATO,1,0
SANTANDER,SABANA DE TORRES,2017-07-13,2017,7,13,3,2017-07,3,0,FEMENINO,1,ADULTOS,ADULTO,SIN EMPLEO DE ARMAS,SIN_ARMA,HURTO,HURTO ABIGEATO,1,0
SANTANDER,PUERTO WILCHES,2017-07-16,2017,7,16,3,2017-07,6,1,MASCULINO,0,ADULTOS,ADULTO,SIN EMPLEO DE ARMAS,SIN_ARMA,HURTO,HURTO ABIGEATO,1,0
SANTANDER,BARRANCABERMEJA,2018-03-14,2018,3,14,1,2018-03,2,0,MASCULINO,0,ADULTOS,ADULTO,SIN EMPLEO DE ARMAS,SIN_ARMA,HURTO,HURTO ABIGEATO,1,0
SANTANDER,GUACA,2018-03-07,2018,3,7,1,2018-03,2,0,MASCULINO,0,ADULTOS,ADULTO,SIN EMPLEO DE ARMAS,SIN_ARMA,HURTO,HURTO ABIGEATO,1,0
SANTANDER,PUERTO WILCHES,2018-03-27,2018,3,27,1,2018-03,1,0,MASCULINO,0,ADULTOS,ADULTO,SIN EMPLEO DE ARMAS,SIN_ARMA,HURTO,HURTO ABIGEATO,1,0
SANTANDER,PUERTO PARRA,2017-08-22,2017,8,22,3,2017-08,1,0,MASCULINO,0,ADULTOS,ADULTO,SIN EMPLEO DE ARMAS,SIN_ARMA,HURTO,HURTO ABIGEATO,1,0
SANTANDER,PUERTO PARRA,2017-08-15,2017,8,15,3,2017-08,1,0,MASCULINO,0,ADULTOS,ADULTO,SIN EMPLEO DE ARMAS,SIN_ARMA,HURTO,HURTO ABIGEATO,1,0
SANTANDER,BARRANCABERMEJA,2018-03-04,2018,3,4,1,2018-03,6,1,MASCULINO,0,ADULTOS,ADULTO,SIN EMPLEO DE ARMAS,SIN_ARMA,HURTO,HURTO ABIGEATO,1,0
SANTANDER,LEBRIJA,2018-03-13,2018,3,13,1,2018-03,1,0,MASCULINO,0,ADULTOS,ADULTO,SIN EMPLEO DE ARMAS,SIN_ARMA,HURTO,HURTO ABIGEATO,1,1
SANTANDER,BARRANCABERMEJA,2017-09-17,2017,9,17,3,2017-09,6,1,MASCULINO,0,ADULTOS,ADULTO,SIN EMPLEO DE ARMAS,SIN_ARMA,HURTO,HURTO ABIGEATO,1,0
SANTANDER,PUERTO WILCHES,2018-04-04,2018,4,4,2,2018-04,2,0,FEMENINO,1,ADULTOS,ADULTO,SIN EMPLEO DE ARMAS,SIN_ARMA,HURTO,HURTO ABIGEATO,1,0
SANTANDER,BARRANCABERMEJA,2017-10-27,2017,10,27,4,2017-10,4,0,MASCULINO,0,ADULTOS,ADULTO,SIN EMPLEO DE ARMAS,SIN_ARMA,HURTO,HURTO ABIGEATO,1,0
SANTANDER,OIBA,2017-10-28,2017,10,28,4,2017-10,5,1,MASCULINO,0,ADULTOS,ADULTO,SIN EMPLEO DE ARMAS,SIN_ARMA,HURTO,HURTO ABIGEATO,1,0
SANTANDER,LEBRIJA,2018-04-15,2018,4,15,2,2018-04,6,1,MASCULINO,0,ADULTOS,ADULTO,SIN EMPLEO DE ARMAS,SIN_ARMA,HURTO,HURTO ABIGEATO,1,1
SANTANDER,FLORIÁN,2017-11-30,2017,11,30,4,2017-11,3,0,MASCULINO,0,ADULTOS,ADULTO,SIN EMPLEO DE ARMAS,SIN_ARMA,HURTO,HURTO ABIGEATO,1,0
SANTANDER,GUAVATÁ,2018-03-22,2018,3,22,1,2018-03,3,0,FEMENINO,1,ADULTOS,ADULTO,SIN EMPLEO DE ARMAS,SIN_ARMA,HURTO,HURTO ABIGEATO,1,0
SANTANDER,BARRANCABERMEJA,2017-11-03,2017,11,3,4,2017-11,4,0,MASCULINO,0,ADULTOS,ADULTO,SIN EMPLEO DE ARMAS,SIN_ARMA,HURTO,HURTO ABIGEATO,1,0
SANTANDER,MÁLAGA,2018-04-14,2018,4,14,2,2018-04,5,1,MASCULINO,0,ADULTOS,ADULTO,SIN EMPLEO DE ARMAS,SIN_ARMA,HURTO,HURTO ABIGEATO,1,0
SANTANDER,BARRANCABERMEJA,2017-12-28,2017,12,28,4,2017-12,3,0,MASCULINO,0,ADULTOS,ADULTO,SIN EMPLEO DE ARMAS,SIN_ARMA,HURTO,HURTO ABIGEATO,1,0
SANTANDER,BARRANCABERMEJA,2017-12-27,2017,12,27,4,2017-12,2,0,FEMENINO,1,ADULTOS,ADULTO,SIN EMPLEO DE ARMAS,SIN_ARMA,HURTO,HURTO ABIGEATO,1,0
SANTANDER,BARRANCABERMEJA,2017-12-13,2017,12,13,4,2017-12,2,0,FEMENINO,1,ADULTOS,ADULTO,SIN EMPLEO DE ARMAS,SIN_ARMA,HURTO,HURTO ABIGEATO,1,0
SANTANDER,PUERTO WILCHES,2017-10-02,2017,10,2,4,2017-10,0,0,MASCULINO,0,ADULTOS,ADULTO,SIN EMPLEO DE ARMAS,SIN_ARMA,HURTO,HURTO ABIGEATO,1,0
SANTANDER,TONA,2018-04-10,2018,4,10,2,2018-04,1,0,FEMENINO,1,ADULTOS,ADULTO,SIN EMPLEO DE ARMAS,SIN_ARMA,HURTO,HURTO ABIGEATO,1,0
SANTANDER,BARRANCABERMEJA,2018-02-16,2018,2,16,1,2018-02,4,0,MASCULINO,0,ADULTOS,ADULTO,SIN EMPLEO DE ARMAS,SIN_ARMA,HURTO,HURTO ABIGEATO,1,0
SANTANDER,GIRÓN,2018-03-31,2018,3,31,1,2018-03,5,1,MASCULINO,0,ADULTOS,ADULTO,SIN EMPLEO DE ARMAS,SIN_ARMA,HURTO,HURTO ABIGEATO,1,1
SANTANDER,BARRANCABERMEJA,2017-12-23,2017,12,23,4,2017-12,5,1,MASCULINO,0,ADULTOS,ADULTO,SIN EMPLEO DE ARMAS,SIN_ARMA,HURTO,HURTO ABIGEATO,1,0
SANTANDER,BOLÍVAR,2018-03-05,2018,3,5,1,2018-03,0,0,MASCULINO,0,ADULTOS,ADULTO,SIN EMPLEO DE ARMAS,SIN_ARMA,HURTO,HURTO ABIGEATO,1,0
SANTANDER,CURITÍ,2018-04-01,2018,4,1,2,2018-04,6,1,MASCULINO,0,ADULTOS,ADULTO,SIN EMPLEO DE ARMAS,SIN_ARMA,HURTO,HURTO ABIGEATO,1,0
SANTANDER,SIMACOTA,2018-04-10,2018,4,10,2,2018-04,1,0,MASCULINO,0,ADULTOS,ADULTO,SIN EMPLEO DE ARMAS,SIN_ARMA,HURTO,HURTO ABIGEATO,1,0
SANTANDER,PUERTO WILCHES,2018-03-09,2018,3,9,1,2018-03,4,0,FEMENINO,1,ADULTOS,ADULTO,SIN EMPLEO DE ARMAS,SIN_ARMA,HURTO,HURTO ABIGEATO,1,0
SANTANDER,ZAPATOCA,2018-05-15,2018,5,15,2,2018-05,1,0,MASCULINO,0,ADULTOS,ADULTO,SIN EMPLEO DE ARMAS,SIN_ARMA,HURTO,HURTO ABIGEATO,1,0
SANTANDER,TONA,2018-05-02,2018,5,2,2,2018-05,2,0,MASCULINO,0,ADULTOS,ADULTO,SIN EMPLEO DE ARMAS,SIN_ARMA,HURTO,HURTO ABIGEATO,1,0
SANTANDER,RIONEGRO,2018-05-18,2018,5,18,2,2018-05,4,0,MASCULINO,0,ADULTOS,ADULTO,SIN EMPLEO DE ARMAS,SIN_ARMA,HURTO,HURTO ABIGEATO,1,0
SANTANDER,CIMITARRA,2017-10-28,2017,10,28,4,2017-10,5,1,MASCULINO,0,ADULTOS,ADULTO,SIN EMPLEO DE ARMAS,SIN_ARMA,HURTO,HURTO ABIGEATO,1,0
SANTANDER,MATANZA,2018-04-18,2018,4,18,2,2018-04,2,0,MASCULINO,0,ADULTOS,ADULTO,SIN EMPLEO DE ARMAS,SIN_ARMA,HURTO,HURTO ABIGEATO,1,0
SANTANDER,SABANA DE TORRES,2018-05-17,2018,5,17,2,2018-05,3,0,MASCULINO,0,ADULTOS,ADULTO,SIN EMPLEO DE ARMAS,SIN_ARMA,HURTO,HURTO ABIGEATO,1,0
SANTANDER,BUCARAMANGA (CT),2018-05-25,2018,5,25,2,2018-05,4,0,FEMENINO,1,ADULTOS,ADULTO,SIN EMPLEO DE ARMAS,SIN_ARMA,HURTO,HURTO ABIGEATO,1,1
SANTANDER,BARRANCABERMEJA,2017-06-30,2017,6,30,2,2017-06,4,0,MASCULINO,0,ADULTOS,ADULTO,SIN EMPLEO DE ARMAS,SIN_ARMA,HURTO,HURTO ABIGEATO,1,0
SANTANDER,EL PEÑÓN,2017-04-10,2017,4,10,2,2017-04,0,0,FEMENINO,1,ADULTOS,ADULTO,SIN EMPLEO DE ARMAS,SIN_ARMA,HURTO,HURTO ABIGEATO,1,0
SANTANDER,BARRANCABERMEJA,2017-07-18,2017,7,18,3,2017-07,1,0,MASCULINO,0,ADULTOS,ADULTO,SIN EMPLEO DE ARMAS,SIN_ARMA,HURTO,HURTO ABIGEATO,1,0
SANTANDER,BARRANCABERMEJA,2017-05-26,2017,5,26,2,2017-05,4,0,MASCULINO,0,ADULTOS,ADULTO,SIN EMPLEO DE ARMAS,SIN_ARMA,HURTO,HURTO ABIGEATO,1,0
SANTANDER,BARBOSA,2017-08-17,2017,8,17,3,2017-08,3,0,MASCULINO,0,ADULTOS,ADULTO,SIN EMPLEO DE ARMAS,SIN_ARMA,HURTO,HURTO ABIGEATO,1,0
SANTANDER,LOS SANTOS,2017-06-18,2017,6,18,2,2017-06,6,1,FEMENINO,1,ADULTOS,ADULTO,SIN EMPLEO DE ARMAS,SIN_ARMA,HURTO,HURTO ABIGEATO,1,0
SANTANDER,BOLÍVAR,2017-07-12,2017,7,12,3,2017-07,2,0,FEMENINO,1,ADULTOS,ADULTO,SIN EMPLEO DE ARMAS,SIN_ARMA,HURTO,HURTO ABIGEATO,1,0
SANTANDER,BARRANCABERMEJA,2017-08-06,2017,8,6,3,2017-08,6,1,MASCULINO,0,ADULTOS,ADULTO,SIN EMPLEO DE ARMAS,SIN_ARMA,HURTO,HURTO ABIGEATO,1,0
SANTANDER,BOLÍVAR,2017-05-15,2017,5,15,2,2017-05,0,0,MASCULINO,0,ADULTOS,ADULTO,SIN EMPLEO DE ARMAS,SIN_ARMA,HURTO,HURTO ABIGEATO,1,0
SANTANDER,LEBRIJA,2017-09-03,2017,9,3,3,2017-09,6,1,MASCULINO,0,ADULTOS,ADULTO,SIN EMPLEO DE ARMAS,SIN_ARMA,HURTO,HURTO ABIGEATO,1,1
SANTANDER,BARRANCABERMEJA,2017-08-28,2017,8,28,3,2017-08,0,0,FEMENINO,1,ADULTOS,ADULTO,SIN EMPLEO DE ARMAS,SIN_ARMA,HURTO,HURTO ABIGEATO,1,0
SANTANDER,BARRANCABERMEJA,2017-08-23,2017,8,23,3,2017-08,2,0,MASCULINO,0,ADULTOS,ADULTO,SIN EMPLEO DE ARMAS,SIN_ARMA,HURTO,HURTO ABIGEATO,1,0
SANTANDER,CIMITARRA,2017-08-16,2017,8,16,3,2017-08,2,0,MASCULINO,0,ADULTOS,ADULTO,SIN EMPLEO DE ARMAS,SIN_ARMA,HURTO,HURTO ABIGEATO,1,0
SANTANDER,LEBRIJA,2017-09-02,2017,9,2,3,2017-09,5,1,MASCULINO,0,ADULTOS,ADULTO,SIN EMPLEO DE ARMAS,SIN_ARMA,HURTO,HURTO ABIGEATO,1,1
SANTANDER,PUERTO WILCHES,2017-05-19,2017,5,19,2,2017-05,4,0,MASCULINO,0,ADULTOS,ADULTO,SIN EMPLEO DE ARMAS,SIN_ARMA,HURTO,HURTO ABIGEATO,1,0
SANTANDER,SABANA DE TORRES,2017-07-13,2017,7,13,3,2017-07,3,0,FEMENINO,1,ADULTOS,ADULTO,SIN EMPLEO DE ARMAS,SIN_ARMA,HURTO,HURTO ABIGEATO,1,0
SANTANDER,CIMITARRA,2017-07-21,2017,7,21,3,2017-07,4,0,MASCULINO,0,ADULTOS,ADULTO,SIN EMPLEO DE ARMAS,SIN_ARMA,HURTO,HURTO ABIGEATO,1,0
SANTANDER,PUERTO WILCHES,2017-09-14,2017,9,14,3,2017-09,3,0,MASCULINO,0,ADULTOS,ADULTO,SIN EMPLEO DE ARMAS,SIN_ARMA,HURTO,HURTO ABIGEATO,1,0
SANTANDER,SUAITA,2017-07-13,2017,7,13,3,2017-07,3,0,MASCULINO,0,ADULTOS,ADULTO,SIN EMPLEO DE ARMAS,SIN_ARMA,HURTO,HURTO ABIGEATO,1,0
SANTANDER,GIRÓN,2017-10-01,2017,10,1,4,2017-10,6,1,MASCULINO,0,ADULTOS,ADULTO,SIN EMPLEO DE ARMAS,SIN_ARMA,HURTO,HURTO ABIGEATO,1,1
SANTANDER,BARRANCABERMEJA,2017-09-26,2017,9,26,3,2017-09,1,0,FEMENINO,1,ADULTOS,ADULTO,SIN EMPLEO DE ARMAS,SIN_ARMA,HURTO,HURTO ABIGEATO,1,0
SANTANDER,CHIMA,2017-09-23,2017,9,23,3,2017-09,5,1,MASCULINO,0,ADULTOS,ADULTO,SIN EMPLEO DE ARMAS,SIN_ARMA,HURTO,HURTO ABIGEATO,1,0
SANTANDER,EL CARMEN DE CHUCURÍ,2017-08-11,2017,8,11,3,2017-08,4,0,MASCULINO,0,ADULTOS,ADULTO,SIN EMPLEO DE ARMAS,SIN_ARMA,HURTO,HURTO ABIGEATO,1,0
SANTANDER,BARRANCABERMEJA,2017-07-14,2017,7,14,3,2017-07,4,0,FEMENINO,1,ADULTOS,ADULTO,SIN EMPLEO DE ARMAS,SIN_ARMA,HURTO,HURTO ABIGEATO,1,0
SANTANDER,RIONEGRO,2017-08-18,2017,8,18,3,2017-08,4,0,MASCULINO,0,ADULTOS,ADULTO,SIN EMPLEO DE ARMAS,SIN_ARMA,HURTO,HURTO ABIGEATO,1,0
SANTANDER,SUCRE,2017-10-21,2017,10,21,4,2017-10,5,1,MASCULINO,0,ADULTOS,ADULTO,SIN EMPLEO DE ARMAS,SIN_ARMA,HURTO,HURTO ABIGEATO,1,0
SANTANDER,SANTA HELENA DEL OPÓN,2017-07-01,2017,7,1,3,2017-07,5,1,FEMENINO,1,ADULTOS,ADULTO,SIN EMPLEO DE ARMAS,SIN_ARMA,HURTO,HURTO ABIGEATO,1,0
SANTANDER,CIMITARRA,2017-10-07,2017,10,7,4,2017-10,5,1,MASCULINO,0,ADULTOS,ADULTO,SIN EMPLEO DE ARMAS,SIN_ARMA,HURTO,HURTO ABIGEATO,1,0
SANTANDER,VÉLEZ,2017-10-05,2017,10,5,4,2017-10,3,0,MASCULINO,0,ADULTOS,ADULTO,SIN EMPLEO DE ARMAS,SIN_ARMA,HURTO,HURTO ABIGEATO,1,0
SANTANDER,CALIFORNIA,2017-09-14,2017,9,14,3,2017-09,3,0,MASCULINO,0,ADULTOS,ADULTO,SIN EMPLEO DE ARMAS,SIN_ARMA,HURTO,HURTO ABIGEATO,1,0
SANTANDER,SUAITA,2017-10-22,2017,10,22,4,2017-10,6,1,FEMENINO,1,ADULTOS,ADULTO,SIN EMPLEO DE ARMAS,SIN_ARMA,HURTO,HURTO ABIGEATO,1,0
SANTANDER,BOLÍVAR,2017-10-27,2017,10,27,4,2017-10,4,0,MASCULINO,0,ADULTOS,ADULTO,SIN EMPLEO DE ARMAS,SIN_ARMA,HURTO,HURTO ABIGEATO,1,0
SANTANDER,BOLÍVAR,2017-09-27,2017,9,27,3,2017-09,2,0,MASCULINO,0,ADULTOS,ADULTO,SIN EMPLEO DE ARMAS,SIN_ARMA,HURTO,HURTO ABIGEATO,1,0
SANTANDER,BARRANCABERMEJA,2017-11-03,2017,11,3,4,2017-11,4,0,MASCULINO,0,ADULTOS,ADULTO,SIN EMPLEO DE ARMAS,SIN_ARMA,HURTO,HURTO ABIGEATO,1,0
SANTANDER,ONZAGA,2017-10-06,2017,10,6,4,2017-10,4,0,MASCULINO,0,ADULTOS,ADULTO,SIN EMPLEO DE ARMAS,SIN_ARMA,HURTO,HURTO ABIGEATO,1,0
SANTANDER,BUCARAMANGA (CT),2017-10-19,2017,10,19,4,2017-10,3,0,MASCULINO,0,ADULTOS,ADULTO,SIN EMPLEO DE ARMAS,SIN_ARMA,HURTO,HURTO ABIGEATO,1,1
SANTANDER,BUCARAMANGA (CT),2017-11-11,2017,11,11,4,2017-11,5,1,MASCULINO,0,ADULTOS,ADULTO,SIN EMPLEO DE ARMAS,SIN_ARMA,HURTO,HURTO ABIGEATO,1,1
SANTANDER,PUENTE NACIONAL,2017-11-13,2017,11,13,4,2017-11,0,0,MASCULINO,0,ADULTOS,ADULTO,SIN EMPLEO DE ARMAS,SIN_ARMA,HURTO,HURTO ABIGEATO,1,0
SANTANDER,VÉLEZ,2017-11-08,2017,11,8,4,2017-11,2,0,MASCULINO,0,ADULTOS,ADULTO,SIN EMPLEO DE ARMAS,SIN_ARMA,HURTO,HURTO ABIGEATO,1,0
SANTANDER,CAPITANEJO,2017-08-08,2017,8,8,3,2017-08,1,0,MASCULINO,0,ADULTOS,ADULTO,SIN EMPLEO DE ARMAS,SIN_ARMA,HURTO,HURTO ABIGEATO,1,0
SANTANDER,BARRANCABERMEJA,2017-11-15,2017,11,15,4,2017-11,2,0,MASCULINO,0,ADULTOS,ADULTO,SIN EMPLEO DE ARMAS,SIN_ARMA,HURTO,HURTO ABIGEATO,1,0
SANTANDER,CIMITARRA,2017-11-08,2017,11,8,4,2017-11,2,0,MASCULINO,0,ADULTOS,ADULTO,SIN EMPLEO DE ARMAS,SIN_ARMA,HURTO,HURTO ABIGEATO,1,0
SANTANDER,PUERTO WILCHES,2017-01-10,2017,1,10,1,2017-01,1,0,MASCULINO,0,ADULTOS,ADULTO,SIN EMPLEO DE ARMAS,SIN_ARMA,HURTO,HURTO ABIGEATO,1,0
SANTANDER,BARRANCABERMEJA,2017-08-20,2017,8,20,3,2017-08,6,1,MASCULINO,0,ADULTOS,ADULTO,SIN EMPLEO DE ARMAS,SIN_ARMA,HURTO,HURTO ABIGEATO,1,0
SANTANDER,BARRANCABERMEJA,2017-05-31,2017,5,31,2,2017-05,2,0,MASCULINO,0,ADULTOS,ADULTO,SIN EMPLEO DE ARMAS,SIN_ARMA,HURTO,HURTO ABIGEATO,1,0
SANTANDER,SUAITA,2017-10-14,2017,10,14,4,2017-10,5,1,MASCULINO,0,ADOLESCENTES,MENOR_EDAD,SIN EMPLEO DE ARMAS,SIN_ARMA,HURTO,HURTO ABIGEATO,1,0
SANTANDER,BARRANCABERMEJA,2017-10-08,2017,10,8,4,2017-10,6,1,MASCULINO,0,ADULTOS,ADULTO,SIN EMPLEO DE ARMAS,SIN_ARMA,HURTO,HURTO ABIGEATO,1,0
SANTANDER,BARRANCABERMEJA,2017-11-20,2017,11,20,4,2017-11,0,0,MASCULINO,0,ADULTOS,ADULTO,SIN EMPLEO DE ARMAS,SIN_ARMA,HURTO,HURTO ABIGEATO,1,0
SANTANDER,BARRANCABERMEJA,2017-11-30,2017,11,30,4,2017-11,3,0,MASCULINO,0,ADULTOS,ADULTO,SIN EMPLEO DE ARMAS,SIN_ARMA,HURTO,HURTO ABIGEATO,1,0
SANTANDER,PUERTO PARRA,2017-11-17,2017,11,17,4,2017-11,4,0,MASCULINO,0,ADULTOS,ADULTO,SIN EMPLEO DE ARMAS,SIN_ARMA,HURTO,HURTO ABIGEATO,1,0
SANTANDER,GIRÓN,2017-10-05,2017,10,5,4,2017-10,3,0,FEMENINO,1,ADULTOS,ADULTO,SIN EMPLEO DE ARMAS,SIN_ARMA,HURTO,HURTO ABIGEATO,1,1
SANTANDER,EL CARMEN DE CHUCURÍ,2017-11-15,2017,11,15,4,2017-11,2,0,MASCULINO,0,ADULTOS,ADULTO,SIN EMPLEO DE ARMAS,SIN_ARMA,HURTO,HURTO ABIGEATO,1,0
SANTANDER,EL CARMEN DE CHUCURÍ,2017-12-04,2017,12,4,4,2017-12,0,0,MASCULINO,0,ADULTOS,ADULTO,SIN EMPLEO DE ARMAS,SIN_ARMA,HURTO,HURTO ABIGEATO,1,0
SANTANDER,SAN VICENTE DE CHUCURÍ,2017-12-28,2017,12,28,4,2017-12,3,0,FEMENINO,1,ADULTOS,ADULTO,SIN EMPLEO DE ARMAS,SIN_ARMA,HURTO,HURTO ABIGEATO,1,0
SANTANDER,EL PLAYÓN,2017-11-24,2017,11,24,4,2017-11,4,0,FEMENINO,1,ADULTOS,ADULTO,SIN EMPLEO DE ARMAS,SIN_ARMA,HURTO,HURTO ABIGEATO,1,0
SANTANDER,PUERTO PARRA,2017-10-01,2017,10,1,4,2017-10,6,1,MASCULINO,0,ADULTOS,ADULTO,SIN EMPLEO DE ARMAS,SIN_ARMA,HURTO,HURTO ABIGEATO,1,0
SANTANDER,BARRANCABERMEJA,2017-11-14,2017,11,14,4,2017-11,1,0,MASCULINO,0,ADULTOS,ADULTO,SIN EMPLEO DE ARMAS,SIN_ARMA,HURTO,HURTO ABIGEATO,1,0
SANTANDER,SUAITA,2017-11-26,2017,11,26,4,2017-11,6,1,FEMENINO,1,ADULTOS,ADULTO,SIN EMPLEO DE ARMAS,SIN_ARMA,HURTO,HURTO ABIGEATO,1,0
SANTANDER,SABANA DE TORRES,2018-01-13,2018,1,13,1,2018-01,5,1,FEMENINO,1,ADULTOS,ADULTO,SIN EMPLEO DE ARMAS,SIN_ARMA,HURTO,HURTO ABIGEATO,1,0
SANTANDER,MOLAGAVITA,2018-01-04,2018,1,4,1,2018-01,3,0,FEMENINO,1,ADULTOS,ADULTO,SIN EMPLEO DE ARMAS,SIN_ARMA,HURTO,HURTO ABIGEATO,1,0
SANTANDER,GIRÓN,2017-01-18,2017,1,18,1,2017-01,2,0,MASCULINO,0,ADULTOS,ADULTO,SIN EMPLEO DE ARMAS,SIN_ARMA,HURTO,HURTO ABIGEATO,1,1
SANTANDER,GAMBITA,2016-11-25,2016,11,25,4,2016-11,4,0,FEMENINO,1,ADULTOS,ADULTO,SIN EMPLEO DE ARMAS,SIN_ARMA,HURTO,HURTO ABIGEATO,1,0
SANTANDER,BOLÍVAR,2017-02-10,2017,2,10,1,2017-02,4,0,MASCULINO,0,ADULTOS,ADULTO,SIN EMPLEO DE ARMAS,SIN_ARMA,HURTO,HURTO ABIGEATO,1,0
SANTANDER,EL CARMEN DE CHUCURÍ,2017-01-12,2017,1,12,1,2017-01,3,0,MASCULINO,0,ADULTOS,ADULTO,SIN EMPLEO DE ARMAS,SIN_ARMA,HURTO,HURTO ABIGEATO,1,0
SANTANDER,RIONEGRO,2017-02-26,2017,2,26,1,2017-02,6,1,MASCULINO,0,ADULTOS,ADULTO,SIN EMPLEO DE ARMAS,SIN_ARMA,HURTO,HURTO ABIGEATO,1,0
SANTANDER,EL CARMEN DE CHUCURÍ,2017-01-25,2017,1,25,1,2017-01,2,0,MASCULINO,0,ADULTOS,ADULTO,SIN EMPLEO DE ARMAS,SIN_ARMA,HURTO,HURTO ABIGEATO,1,0
SANTANDER,BARRANCABERMEJA,2017-02-18,2017,2,18,1,2017-02,5,1,FEMENINO,1,ADULTOS,ADULTO,SIN EMPLEO DE ARMAS,SIN_ARMA,HURTO,HURTO ABIGEATO,1,0
SANTANDER,SOCORRO,2017-01-10,2017,1,10,1,2017-01,1,0,MASCULINO,0,ADULTOS,ADULTO,SIN EMPLEO DE ARMAS,SIN_ARMA,HURTO,HURTO ABIGEATO,1,0
SANTANDER,CIMITARRA,2017-03-05,2017,3,5,1,2017-03,6,1,MASCULINO,0,ADULTOS,ADULTO,SIN EMPLEO DE ARMAS,SIN_ARMA,HURTO,HURTO ABIGEATO,1,0
SANTANDER,ZAPATOCA,2017-01-02,2017,1,2,1,2017-01,0,0,MASCULINO,0,ADULTOS,ADULTO,SIN EMPLEO DE ARMAS,SIN_ARMA,HURTO,HURTO ABIGEATO,1,0
SANTANDER,CURITÍ,2017-03-25,2017,3,25,1,2017-03,5,1,MASCULINO,0,ADULTOS,ADULTO,SIN EMPLEO DE ARMAS,SIN_ARMA,HURTO,HURTO ABIGEATO,1,0
SANTANDER,LEBRIJA,2017-03-28,2017,3,28,1,2017-03,1,0,MASCULINO,0,ADULTOS,ADULTO,SIN EMPLEO DE ARMAS,SIN_ARMA,HURTO,HURTO ABIGEATO,1,1
SANTANDER,ALBANIA,2017-02-22,2017,2,22,1,2017-02,2,0,MASCULINO,0,ADULTOS,ADULTO,SIN EMPLEO DE ARMAS,SIN_ARMA,HURTO,HURTO ABIGEATO,1,0
SANTANDER,CIMITARRA,2017-04-08,2017,4,8,2,2017-04,5,1,MASCULINO,0,ADULTOS,ADULTO,SIN EMPLEO DE ARMAS,SIN_ARMA,HURTO,HURTO ABIGEATO,1,0
SANTANDER,BARRANCABERMEJA,2017-02-02,2017,2,2,1,2017-02,3,0,MASCULINO,0,ADULTOS,ADULTO,SIN EMPLEO DE ARMAS,SIN_ARMA,HURTO,HURTO ABIGEATO,1,0
SANTANDER,BARRANCABERMEJA,2017-02-11,2017,2,11,1,2017-02,5,1,MASCULINO,0,ADULTOS,ADULTO,SIN EMPLEO DE ARMAS,SIN_ARMA,HURTO,HURTO ABIGEATO,1,0
SANTANDER,BARRANCABERMEJA,2017-03-19,2017,3,19,1,2017-03,6,1,MASCULINO,0,ADULTOS,ADULTO,SIN EMPLEO DE ARMAS,SIN_ARMA,HURTO,HURTO ABIGEATO,1,0
SANTANDER,BARRANCABERMEJA,2017-03-10,2017,3,10,1,2017-03,4,0,MASCULINO,0,ADULTOS,ADULTO,SIN EMPLEO DE ARMAS,SIN_ARMA,HURTO,HURTO ABIGEATO,1,0
SANTANDER,BOLÍVAR,2017-03-29,2017,3,29,1,2017-03,2,0,MASCULINO,0,ADULTOS,ADULTO,SIN EMPLEO DE ARMAS,SIN_ARMA,HURTO,HURTO ABIGEATO,1,0
SANTANDER,BARRANCABERMEJA,2016-02-22,2016,2,22,1,2016-02,0,0,MASCULINO,0,ADULTOS,ADULTO,SIN EMPLEO DE ARMAS,SIN_ARMA,HURTO,HURTO ABIGEATO,1,0
SANTANDER,BARRANCABERMEJA,2016-03-03,2016,3,3,1,2016-03,3,0,MASCULINO,0,ADULTOS,ADULTO,SIN EMPLEO DE ARMAS,SIN_ARMA,HURTO,HURTO ABIGEATO,1,0
SANTANDER,BARRANCABERMEJA,2016-08-29,2016,8,29,3,2016-08,0,0,MASCULINO,0,ADULTOS,ADULTO,SIN EMPLEO DE ARMAS,SIN_ARMA,HURTO,HURTO ABIGEATO,1,0
SANTANDER,BARRANCABERMEJA,2016-11-23,2016,11,23,4,2016-11,2,0,MASCULINO,0,ADULTOS,ADULTO,SIN EMPLEO DE ARMAS,SIN_ARMA,HURTO,HURTO ABIGEATO,1,0
SANTANDER,BARRANCABERMEJA,2016-10-07,2016,10,7,4,2016-10,4,0,MASCULINO,0,ADULTOS,ADULTO,SIN EMPLEO DE ARMAS,SIN_ARMA,HURTO,HURTO ABIGEATO,1,0
SANTANDER,PUERTO WILCHES,2016-11-30,2016,11,30,4,2016-11,2,0,MASCULINO,0,ADULTOS,ADULTO,SIN EMPLEO DE ARMAS,SIN_ARMA,HURTO,HURTO ABIGEATO,1,0
SANTANDER,PUERTO WILCHES,2016-10-01,2016,10,1,4,2016-10,5,1,MASCULINO,0,ADULTOS,ADULTO,SIN EMPLEO DE ARMAS,SIN_ARMA,HURTO,HURTO ABIGEATO,1,0
SANTANDER,PUERTO WILCHES,2016-12-01,2016,12,1,4,2016-12,3,0,MASCULINO,0,ADULTOS,ADULTO,SIN EMPLEO DE ARMAS,SIN_ARMA,HURTO,HURTO ABIGEATO,1,0
SANTANDER,GIRÓN,2017-03-09,2017,3,9,1,2017-03,3,0,MASCULINO,0,ADULTOS,ADULTO,SIN EMPLEO DE ARMAS,SIN_ARMA,HURTO,HURTO ABIGEATO,1,1
SANTANDER,RIONEGRO,2017-04-22,2017,4,22,2,2017-04,5,1,MASCULINO,0,ADULTOS,ADULTO,SIN EMPLEO DE ARMAS,SIN_ARMA,HURTO,HURTO ABIGEATO,1,0
SANTANDER,GÜEPSA,2017-01-21,2017,1,21,1,2017-01,5,1,MASCULINO,0,ADULTOS,ADULTO,SIN EMPLEO DE ARMAS,SIN_ARMA,HURTO,HURTO ABIGEATO,1,0
SANTANDER,ALBANIA,2017-03-27,2017,3,27,1,2017-03,0,0,MASCULINO,0,ADULTOS,ADULTO,SIN EMPLEO DE ARMAS,SIN_ARMA,HURTO,HURTO ABIGEATO,1,0
SANTANDER,VÉLEZ,2017-04-20,2017,4,20,2,2017-04,3,0,MASCULINO,0,ADULTOS,ADULTO,SIN EMPLEO DE ARMAS,SIN_ARMA,HURTO,HURTO ABIGEATO,1,0
SANTANDER,GIRÓN,2017-01-18,2017,1,18,1,2017-01,2,0,MASCULINO,0,ADULTOS,ADULTO,SIN EMPLEO DE ARMAS,SIN_ARMA,HURTO,HURTO ABIGEATO,1,1
SANTANDER,BOLÍVAR,2017-04-03,2017,4,3,2,2017-04,0,0,FEMENINO,1,ADULTOS,ADULTO,SIN EMPLEO DE ARMAS,SIN_ARMA,HURTO,HURTO ABIGEATO,1,0
SANTANDER,SABANA DE TORRES,2017-04-17,2017,4,17,2,2017-04,0,0,MASCULINO,0,ADULTOS,ADULTO,SIN EMPLEO DE ARMAS,SIN_ARMA,HURTO,HURTO ABIGEATO,1,0
SANTANDER,BARRANCABERMEJA,2017-04-22,2017,4,22,2,2017-04,5,1,FEMENINO,1,ADULTOS,ADULTO,SIN EMPLEO DE ARMAS,SIN_ARMA,HURTO,HURTO ABIGEATO,1,0
SANTANDER,FLORIDABLANCA,2017-05-05,2017,5,5,2,2017-05,4,0,MASCULINO,0,ADULTOS,ADULTO,SIN EMPLEO DE ARMAS,SIN_ARMA,HURTO,HURTO ABIGEATO,1,1
SANTANDER,AGUADA,2017-01-22,2017,1,22,1,2017-01,6,1,FEMENINO,1,ADULTOS,ADULTO,SIN EMPLEO DE ARMAS,SIN_ARMA,HURTO,HURTO ABIGEATO,1,0
SANTANDER,PUERTO PARRA,2017-02-08,2017,2,8,1,2017-02,2,0,MASCULINO,0,ADULTOS,ADULTO,SIN EMPLEO DE ARMAS,SIN_ARMA,HURTO,HURTO ABIGEATO,1,0
SANTANDER,GIRÓN,2017-02-03,2017,2,3,1,2017-02,4,0,FEMENINO,1,ADULTOS,ADULTO,SIN EMPLEO DE ARMAS,SIN_ARMA,HURTO,HURTO ABIGEATO,1,1
SANTANDER,BARRANCABERMEJA,2017-04-10,2017,4,10,2,2017-04,0,0,MASCULINO,0,MENORES,MENOR_EDAD,SIN EMPLEO DE ARMAS,SIN_ARMA,HURTO,HURTO ABIGEATO,1,0
SANTANDER,LEBRIJA,2016-11-12,2016,11,12,4,2016-11,5,1,MASCULINO,0,ADULTOS,ADULTO,SIN EMPLEO DE ARMAS,SIN_ARMA,HURTO,HURTO ABIGEATO,1,1
SANTANDER,BARRANCABERMEJA,2017-02-18,2017,2,18,1,2017-02,5,1,FEMENINO,1,ADULTOS,ADULTO,SIN EMPLEO DE ARMAS,SIN_ARMA,HURTO,HURTO ABIGEATO,1,0
SANTANDER,SABANA DE TORRES,2017-05-09,2017,5,9,2,2017-05,1,0,MASCULINO,0,ADULTOS,ADULTO,SIN EMPLEO DE ARMAS,SIN_ARMA,HURTO,HURTO ABIGEATO,1,0
SANTANDER,BARRANCABERMEJA,2017-02-25,2017,2,25,1,2017-02,5,1,MASCULINO,0,ADULTOS,ADULTO,SIN EMPLEO DE ARMAS,SIN_ARMA,HURTO,HURTO ABIGEATO,1,0
SANTANDER,SABANA DE TORRES,2017-05-23,2017,5,23,2,2017-05,1,0,MASCULINO,0,ADULTOS,ADULTO,SIN EMPLEO DE ARMAS,SIN_ARMA,HURTO,HURTO ABIGEATO,1,0
SANTANDER,BARRANCABERMEJA,2017-05-25,2017,5,25,2,2017-05,3,0,MASCULINO,0,ADULTOS,ADULTO,SIN EMPLEO DE ARMAS,SIN_ARMA,HURTO,HURTO ABIGEATO,1,0
SANTANDER,LEBRIJA,2017-06-04,2017,6,4,2,2017-06,6,1,MASCULINO,0,ADULTOS,ADULTO,SIN EMPLEO DE ARMAS,SIN_ARMA,HURTO,HURTO ABIGEATO,1,1
SANTANDER,BARRANCABERMEJA,2017-05-28,2017,5,28,2,2017-05,6,1,FEMENINO,1,ADULTOS,ADULTO,SIN EMPLEO DE ARMAS,SIN_ARMA,HURTO,HURTO ABIGEATO,1,0
SANTANDER,PUERTO WILCHES,2016-02-07,2016,2,7,1,2016-02,6,1,MASCULINO,0,ADULTOS,ADULTO,SIN EMPLEO DE ARMAS,SIN_ARMA,HURTO,HURTO ABIGEATO,1,0
SANTANDER,BARRANCABERMEJA,2017-05-22,2017,5,22,2,2017-05,0,0,MASCULINO,0,ADULTOS,ADULTO,SIN EMPLEO DE ARMAS,SIN_ARMA,HURTO,HURTO ABIGEATO,1,0
SANTANDER,BARRANCABERMEJA,2016-12-02,2016,12,2,4,2016-12,4,0,MASCULINO,0,ADULTOS,ADULTO,SIN EMPLEO DE ARMAS,SIN_ARMA,HURTO,HURTO ABIGEATO,1,0
SANTANDER,CAPITANEJO,2017-06-08,2017,6,8,2,2017-06,3,0,MASCULINO,0,ADULTOS,ADULTO,SIN EMPLEO DE ARMAS,SIN_ARMA,HURTO,HURTO ABIGEATO,1,0
SANTANDER,SAN ANDRÉS,2017-06-18,2017,6,18,2,2017-06,6,1,FEMENINO,1,ADULTOS,ADULTO,SIN EMPLEO DE ARMAS,SIN_ARMA,HURTO,HURTO ABIGEATO,1,0
SANTANDER,BARRANCABERMEJA,2016-03-10,2016,3,10,1,2016-03,3,0,MASCULINO,0,ADULTOS,ADULTO,SIN EMPLEO DE ARMAS,SIN_ARMA,HURTO,HURTO ABIGEATO,1,0
SANTANDER,BARRANCABERMEJA,2016-10-26,2016,10,26,4,2016-10,2,0,MASCULINO,0,ADULTOS,ADULTO,SIN EMPLEO DE ARMAS,SIN_ARMA,HURTO,HURTO ABIGEATO,1,0
SANTANDER,FLORIDABLANCA,2017-06-19,2017,6,19,2,2017-06,0,0,MASCULINO,0,ADULTOS,ADULTO,SIN EMPLEO DE ARMAS,SIN_ARMA,HURTO,HURTO ABIGEATO,1,1
SANTANDER,GIRÓN,2017-06-20,2017,6,20,2,2017-06,1,0,MASCULINO,0,ADULTOS,ADULTO,SIN EMPLEO DE ARMAS,SIN_ARMA,HURTO,HURTO ABIGEATO,1,1
SANTANDER,PUERTO WILCHES,2016-11-15,2016,11,15,4,2016-11,1,0,MASCULINO,0,ADULTOS,ADULTO,SIN EMPLEO DE ARMAS,SIN_ARMA,HURTO,HURTO ABIGEATO,1,0
SANTANDER,BARRANCABERMEJA,2016-07-22,2016,7,22,3,2016-07,4,0,MASCULINO,0,ADULTOS,ADULTO,SIN EMPLEO DE ARMAS,SIN_ARMA,HURTO,HURTO ABIGEATO,1,0
SANTANDER,PUERTO WILCHES,2017-04-15,2017,4,15,2,2017-04,5,1,MASCULINO,0,ADULTOS,ADULTO,SIN EMPLEO DE ARMAS,SIN_ARMA,HURTO,HURTO ABIGEATO,1,0
SANTANDER,CIMITARRA,2017-06-20,2017,6,20,2,2017-06,1,0,MASCULINO,0,ADULTOS,ADULTO,SIN EMPLEO DE ARMAS,SIN_ARMA,HURTO,HURTO ABIGEATO,1,0
SANTANDER,CIMITARRA,2017-05-24,2017,5,24,2,2017-05,2,0,MASCULINO,0,ADULTOS,ADULTO,SIN EMPLEO DE ARMAS,SIN_ARMA,HURTO,HURTO ABIGEATO,1,0
SANTANDER,BARRANCABERMEJA,2017-05-30,2017,5,30,2,2017-05,1,0,MASCULINO,0,ADULTOS,ADULTO,SIN EMPLEO DE ARMAS,SIN_ARMA,HURTO,HURTO ABIGEATO,1,0
SANTANDER,LA BELLEZA,2017-05-22,2017,5,22,2,2017-05,0,0,MASCULINO,0,ADULTOS,ADULTO,SIN EMPLEO DE ARMAS,SIN_ARMA,HURTO,HURTO ABIGEATO,1,0
SANTANDER,BARRANCABERMEJA,2017-06-21,2017,6,21,2,2017-06,2,0,MASCULINO,0,ADULTOS,ADULTO,SIN EMPLEO DE ARMAS,SIN_ARMA,HURTO,HURTO ABIGEATO,1,0
SANTANDER,BARRANCABERMEJA,2017-07-04,2017,7,4,3,2017-07,1,0,FEMENINO,1,ADULTOS,ADULTO,SIN EMPLEO DE ARMAS,SIN_ARMA,HURTO,HURTO ABIGEATO,1,0
SANTANDER,BARRANCABERMEJA,2017-06-25,2017,6,25,2,2017-06,6,1,MASCULINO,0,ADULTOS,ADULTO,SIN EMPLEO DE ARMAS,SIN_ARMA,HURTO,HURTO ABIGEATO,1,0
SANTANDER,LA BELLEZA,2017-05-26,2017,5,26,2,2017-05,4,0,MASCULINO,0,ADULTOS,ADULTO,SIN EMPLEO DE ARMAS,SIN_ARMA,HURTO,HURTO ABIGEATO,1,0
SANTANDER,CURITÍ,2017-05-12,2017,5,12,2,2017-05,4,0,MASCULINO,0,ADULTOS,ADULTO,SIN EMPLEO DE ARMAS,SIN_ARMA,HURTO,HURTO ABIGEATO,1,0
SANTANDER,BARBOSA,2017-07-08,2017,7,8,3,2017-07,5,1,MASCULINO,0,ADULTOS,ADULTO,SIN EMPLEO DE ARMAS,SIN_ARMA,HURTO,HURTO ABIGEATO,1,0
SANTANDER,SIMACOTA,2017-07-04,2017,7,4,3,2017-07,1,0,MASCULINO,0,ADULTOS,ADULTO,SIN EMPLEO DE ARMAS,SIN_ARMA,HURTO,HURTO ABIGEATO,1,0
SANTANDER,GIRÓN,2017-07-20,2017,7,20,3,2017-07,3,0,MASCULINO,0,ADULTOS,ADULTO,SIN EMPLEO DE ARMAS,SIN_ARMA,HURTO,HURTO ABIGEATO,1,1
SANTANDER,PIEDECUESTA,2017-07-22,2017,7,22,3,2017-07,5,1,MASCULINO,0,ADULTOS,ADULTO,SIN EMPLEO DE ARMAS,SIN_ARMA,HURTO,HURTO ABIGEATO,1,1
SANTANDER,SAN VICENTE DE CHUCURÍ,2017-07-30,2017,7,30,3,2017-07,6,1,MASCULINO,0,ADULTOS,ADULTO,SIN EMPLEO DE ARMAS,SIN_ARMA,HURTO,HURTO ABIGEATO,1,0
SANTANDER,BARRANCABERMEJA,2017-07-18,2017,7,18,3,2017-07,1,0,FEMENINO,1,ADULTOS,ADULTO,SIN EMPLEO DE ARMAS,SIN_ARMA,HURTO,HURTO ABIGEATO,1,0
SANTANDER,SAN ANDRÉS,2017-06-18,2017,6,18,2,2017-06,6,1,MASCULINO,0,ADULTOS,ADULTO,SIN EMPLEO DE ARMAS,SIN_ARMA,HURTO,HURTO ABIGEATO,1,0
SANTANDER,SABANA DE TORRES,2016-01-25,2016,1,25,1,2016-01,0,0,MASCULINO,0,ADULTOS,ADULTO,SIN EMPLEO DE ARMAS,SIN_ARMA,HURTO,HURTO ABIGEATO,1,0
SANTANDER,SOCORRO,2016-03-29,2016,3,29,1,2016-03,1,0,MASCULINO,0,ADULTOS,ADULTO,SIN EMPLEO DE ARMAS,SIN_ARMA,HURTO,HURTO ABIGEATO,1,0
SANTANDER,GÜEPSA,2016-04-07,2016,4,7,2,2016-04,3,0,FEMENINO,1,ADULTOS,ADULTO,SIN EMPLEO DE ARMAS,SIN_ARMA,HURTO,HURTO ABIGEATO,1,0
SANTANDER,CIMITARRA,2016-04-27,2016,4,27,2,2016-04,2,0,MASCULINO,0,ADULTOS,ADULTO,SIN EMPLEO DE ARMAS,SIN_ARMA,HURTO,HURTO ABIGEATO,1,0
SANTANDER,BOLÍVAR,2016-03-08,2016,3,8,1,2016-03,1,0,FEMENINO,1,ADULTOS,ADULTO,SIN EMPLEO DE ARMAS,SIN_ARMA,HURTO,HURTO ABIGEATO,1,0
SANTANDER,CIMITARRA,2016-05-19,2016,5,19,2,2016-05,3,0,FEMENINO,1,ADULTOS,ADULTO,SIN EMPLEO DE ARMAS,SIN_ARMA,HURTO,HURTO ABIGEATO,1,0
SANTANDER,BOLÍVAR,2016-05-11,2016,5,11,2,2016-05,2,0,MASCULINO,0,ADULTOS,ADULTO,SIN EMPLEO DE ARMAS,SIN_ARMA,HURTO,HURTO ABIGEATO,1,0
SANTANDER,SOCORRO,2016-05-31,2016,5,31,2,2016-05,1,0,MASCULINO,0,ADULTOS,ADULTO,SIN EMPLEO DE ARMAS,SIN_ARMA,HURTO,HURTO ABIGEATO,1,0
SANTANDER,SAN GIL,2016-05-08,2016,5,8,2,2016-05,6,1,MASCULINO,0,ADULTOS,ADULTO,SIN EMPLEO DE ARMAS,SIN_ARMA,HURTO,HURTO ABIGEATO,1,0
SANTANDER,CHARALÁ,2016-05-06,2016,5,6,2,2016-05,4,0,MASCULINO,0,ADULTOS,ADULTO,SIN EMPLEO DE ARMAS,SIN_ARMA,HURTO,HURTO ABIGEATO,1,0
SANTANDER,BOLÍVAR,2016-01-07,2016,1,7,1,2016-01,3,0,FEMENINO,1,ADULTOS,ADULTO,SIN EMPLEO DE ARMAS,SIN_ARMA,HURTO,HURTO ABIGEATO,1,0
SANTANDER,CIMITARRA,2016-05-28,2016,5,28,2,2016-05,5,1,MASCULINO,0,ADULTOS,ADULTO,SIN EMPLEO DE ARMAS,SIN_ARMA,HURTO,HURTO ABIGEATO,1,0
SANTANDER,SABANA DE TORRES,2016-07-14,2016,7,14,3,2016-07,3,0,FEMENINO,1,ADULTOS,ADULTO,SIN EMPLEO DE ARMAS,SIN_ARMA,HURTO,HURTO ABIGEATO,1,0
SANTANDER,RIONEGRO,2016-08-05,2016,8,5,3,2016-08,4,0,MASCULINO,0,ADULTOS,ADULTO,SIN EMPLEO DE ARMAS,SIN_ARMA,HURTO,HURTO ABIGEATO,1,0
SANTANDER,PUENTE NACIONAL,2016-07-19,2016,7,19,3,2016-07,1,0,FEMENINO,1,ADULTOS,ADULTO,SIN EMPLEO DE ARMAS,SIN_ARMA,HURTO,HURTO ABIGEATO,1,0
SANTANDER,BOLÍVAR,2016-07-29,2016,7,29,3,2016-07,4,0,MASCULINO,0,ADULTOS,ADULTO,SIN EMPLEO DE ARMAS,SIN_ARMA,HURTO,HURTO ABIGEATO,1,0
SANTANDER,BOLÍVAR,2016-07-21,2016,7,21,3,2016-07,3,0,MASCULINO,0,ADULTOS,ADULTO,SIN EMPLEO DE ARMAS,SIN_ARMA,HURTO,HURTO ABIGEATO,1,0
SANTANDER,BARRANCABERMEJA,2016-06-01,2016,6,1,2,2016-06,2,0,MASCULINO,0,ADULTOS,ADULTO,SIN EMPLEO DE ARMAS,SIN_ARMA,HURTO,HURTO ABIGEATO,1,0
SANTANDER,BARRANCABERMEJA,2016-06-30,2016,6,30,2,2016-06,3,0,MASCULINO,0,ADULTOS,ADULTO,SIN EMPLEO DE ARMAS,SIN_ARMA,HURTO,HURTO ABIGEATO,1,0
SANTANDER,CIMITARRA,2016-07-27,2016,7,27,3,2016-07,2,0,MASCULINO,0,ADULTOS,ADULTO,SIN EMPLEO DE ARMAS,SIN_ARMA,HURTO,HURTO ABIGEATO,1,0
SANTANDER,SIMACOTA,2016-09-27,2016,9,27,3,2016-09,1,0,MASCULINO,0,ADULTOS,ADULTO,SIN EMPLEO DE ARMAS,SIN_ARMA,HURTO,HURTO ABIGEATO,1,0
SANTANDER,FLORIDABLANCA,2016-10-18,2016,10,18,4,2016-10,1,0,MASCULINO,0,ADULTOS,ADULTO,SIN EMPLEO DE ARMAS,SIN_ARMA,HURTO,HURTO ABIGEATO,1,1
SANTANDER,RIONEGRO,2016-11-02,2016,11,2,4,2016-11,2,0,MASCULINO,0,ADULTOS,ADULTO,SIN EMPLEO DE ARMAS,SIN_ARMA,HURTO,HURTO ABIGEATO,1,0
SANTANDER,RIONEGRO,2016-11-20,2016,11,20,4,2016-11,6,1,MASCULINO,0,ADULTOS,ADULTO,SIN EMPLEO DE ARMAS,SIN_ARMA,HURTO,HURTO ABIGEATO,1,0
SANTANDER,BARRANCABERMEJA,2016-10-14,2016,10,14,4,2016-10,4,0,MASCULINO,0,ADULTOS,ADULTO,SIN EMPLEO DE ARMAS,SIN_ARMA,HURTO,HURTO ABIGEATO,1,0
SANTANDER,LA PAZ,2016-11-11,2016,11,11,4,2016-11,4,0,FEMENINO,1,ADULTOS,ADULTO,SIN EMPLEO DE ARMAS,SIN_ARMA,HURTO,HURTO ABIGEATO,1,0
SANTANDER,GUAVATÁ,2016-10-25,2016,10,25,4,2016-10,1,0,FEMENINO,1,ADULTOS,ADULTO,SIN EMPLEO DE ARMAS,SIN_ARMA,HURTO,HURTO ABIGEATO,1,0
SANTANDER,RIONEGRO,2016-10-15,2016,10,15,4,2016-10,5,1,MASCULINO,0,ADULTOS,ADULTO,SIN EMPLEO DE ARMAS,SIN_ARMA,HURTO,HURTO ABIGEATO,1,0
SANTANDER,VÉLEZ,2016-10-17,2016,10,17,4,2016-10,0,0,FEMENINO,1,ADULTOS,ADULTO,SIN EMPLEO DE ARMAS,SIN_ARMA,HURTO,HURTO ABIGEATO,1,0
SANTANDER,EL PLAYÓN,2017-01-02,2017,1,2,1,2017-01,0,0,MASCULINO,0,ADULTOS,ADULTO,SIN EMPLEO DE ARMAS,SIN_ARMA,HURTO,HURTO ABIGEATO,1,0
SANTANDER,LA BELLEZA,2016-11-27,2016,11,27,4,2016-11,6,1,MASCULINO,0,ADULTOS,ADULTO,SIN EMPLEO DE ARMAS,SIN_ARMA,HURTO,HURTO ABIGEATO,1,0
SANTANDER,BARRANCABERMEJA,2017-01-06,2017,1,6,1,2017-01,4,0,MASCULINO,0,ADULTOS,ADULTO,SIN EMPLEO DE ARMAS,SIN_ARMA,HURTO,HURTO ABIGEATO,1,0
SANTANDER,BARRANCABERMEJA,2017-01-14,2017,1,14,1,2017-01,5,1,MASCULINO,0,ADULTOS,ADULTO,SIN EMPLEO DE ARMAS,SIN_ARMA,HURTO,HURTO ABIGEATO,1,0
SANTANDER,BARRANCABERMEJA,2017-01-17,2017,1,17,1,2017-01,1,0,MASCULINO,0,ADULTOS,ADULTO,SIN EMPLEO DE ARMAS,SIN_ARMA,HURTO,HURTO ABIGEATO,1,0
SANTANDER,SAN VICENTE DE CHUCURÍ,2017-01-25,2017,1,25,1,2017-01,2,0,MASCULINO,0,ADULTOS,ADULTO,SIN EMPLEO DE ARMAS,SIN_ARMA,HURTO,HURTO ABIGEATO,1,0
SANTANDER,BARRANCABERMEJA,2017-01-22,2017,1,22,1,2017-01,6,1,MASCULINO,0,ADULTOS,ADULTO,SIN EMPLEO DE ARMAS,SIN_ARMA,HURTO,HURTO ABIGEATO,1,0
SANTANDER,SAN GIL,2017-01-26,2017,1,26,1,2017-01,3,0,MASCULINO,0,ADULTOS,ADULTO,SIN EMPLEO DE ARMAS,SIN_ARMA,HURTO,HURTO ABIGEATO,1,0
SANTANDER,CAPITANEJO,2017-02-05,2017,2,5,1,2017-02,6,1,MASCULINO,0,ADULTOS,ADULTO,SIN EMPLEO DE ARMAS,SIN_ARMA,HURTO,HURTO ABIGEATO,1,0
SANTANDER,PUENTE NACIONAL,2015-02-08,2015,2,8,1,2015-02,6,1,MASCULINO,0,ADULTOS,ADULTO,SIN EMPLEO DE ARMAS,SIN_ARMA,HURTO,HURTO ABIGEATO,1,0
SANTANDER,BARRANCABERMEJA,2015-01-13,2015,1,13,1,2015-01,1,0,MASCULINO,0,ADULTOS,ADULTO,SIN EMPLEO DE ARMAS,SIN_ARMA,HURTO,HURTO ABIGEATO,1,0
SANTANDER,GAMBITA,2015-01-03,2015,1,3,1,2015-01,5,1,FEMENINO,1,ADULTOS,ADULTO,SIN EMPLEO DE ARMAS,SIN_ARMA,HURTO,HURTO ABIGEATO,1,0
SANTANDER,VÉLEZ,2015-02-01,2015,2,1,1,2015-02,6,1,MASCULINO,0,ADULTOS,ADULTO,SIN EMPLEO DE ARMAS,SIN_ARMA,HURTO,HURTO ABIGEATO,1,0
SANTANDER,SABANA DE TORRES,2014-12-28,2014,12,28,4,2014-12,6,1,MASCULINO,0,ADULTOS,ADULTO,SIN EMPLEO DE ARMAS,SIN_ARMA,HURTO,HURTO ABIGEATO,1,0
SANTANDER,SAN ANDRÉS,2025-01-12,2025,1,12,1,2025-01,6,1,MASCULINO,0,ADULTOS,ADULTO,SIN EMPLEO DE ARMAS,SIN_ARMA,HURTO,HURTO ABIGEATO,1,0
SANTANDER,EL CARMEN DE CHUCURÍ,2015-01-24,2015,1,24,1,2015-01,5,1,MASCULINO,0,ADULTOS,ADULTO,SIN EMPLEO DE ARMAS,SIN_ARMA,HURTO,HURTO ABIGEATO,1,0
SANTANDER,RIONEGRO,2014-12-20,2014,12,20,4,2014-12,5,1,MASCULINO,0,ADULTOS,ADULTO,SIN EMPLEO DE ARMAS,SIN_ARMA,HURTO,HURTO ABIGEATO,1,0
SANTANDER,RIONEGRO,2014-12-23,2014,12,23,4,2014-12,1,0,MASCULINO,0,ADULTOS,ADULTO,SIN EMPLEO DE ARMAS,SIN_ARMA,HURTO,HURTO ABIGEATO,1,0
SANTANDER,VÉLEZ,2015-02-10,2015,2,10,1,2015-02,1,0,MASCULINO,0,ADULTOS,ADULTO,SIN EMPLEO DE ARMAS,SIN_ARMA,HURTO,HURTO ABIGEATO,1,0
SANTANDER,SIMACOTA,2015-03-05,2015,3,5,1,2015-03,3,0,FEMENINO,1,ADULTOS,ADULTO,SIN EMPLEO DE ARMAS,SIN_ARMA,HURTO,HURTO ABIGEATO,1,0
SANTANDER,PUENTE NACIONAL,2015-02-26,2015,2,26,1,2015-02,3,0,MASCULINO,0,ADULTOS,ADULTO,SIN EMPLEO DE ARMAS,SIN_ARMA,HURTO,HURTO ABIGEATO,1,0
SANTANDER,BARBOSA,2015-03-28,2015,3,28,1,2015-03,5,1,MASCULINO,0,ADULTOS,ADULTO,SIN EMPLEO DE ARMAS,SIN_ARMA,HURTO,HURTO ABIGEATO,1,0
SANTANDER,BARRANCABERMEJA,2015-04-15,2015,4,15,2,2015-04,2,0,MASCULINO,0,ADULTOS,ADULTO,SIN EMPLEO DE ARMAS,SIN_ARMA,HURTO,HURTO ABIGEATO,1,0
SANTANDER,EL CARMEN DE CHUCURÍ,2015-02-22,2015,2,22,1,2015-02,6,1,FEMENINO,1,ADULTOS,ADULTO,SIN EMPLEO DE ARMAS,SIN_ARMA,HURTO,HURTO ABIGEATO,1,0
SANTANDER,CONFINES,2015-03-10,2015,3,10,1,2015-03,1,0,MASCULINO,0,ADULTOS,ADULTO,SIN EMPLEO DE ARMAS,SIN_ARMA,HURTO,HURTO ABIGEATO,1,0
SANTANDER,BARRANCABERMEJA,2015-04-15,2015,4,15,2,2015-04,2,0,MASCULINO,0,ADULTOS,ADULTO,SIN EMPLEO DE ARMAS,SIN_ARMA,HURTO,HURTO ABIGEATO,1,0
SANTANDER,PUENTE NACIONAL,2015-04-20,2015,4,20,2,2015-04,0,0,FEMENINO,1,ADULTOS,ADULTO,SIN EMPLEO DE ARMAS,SIN_ARMA,HURTO,HURTO ABIGEATO,1,0
SANTANDER,BARRANCABERMEJA,2015-04-18,2015,4,18,2,2015-04,5,1,MASCULINO,0,ADULTOS,ADULTO,SIN EMPLEO DE ARMAS,SIN_ARMA,HURTO,HURTO ABIGEATO,1,0
SANTANDER,GAMBITA,2015-02-03,2015,2,3,1,2015-02,1,0,FEMENINO,1,ADULTOS,ADULTO,SIN EMPLEO DE ARMAS,SIN_ARMA,HURTO,HURTO ABIGEATO,1,0
SANTANDER,BARRANCABERMEJA,2015-05-10,2015,5,10,2,2015-05,6,1,MASCULINO,0,ADULTOS,ADULTO,SIN EMPLEO DE ARMAS,SIN_ARMA,HURTO,HURTO ABIGEATO,1,0
SANTANDER,CIMITARRA,2015-04-27,2015,4,27,2,2015-04,0,0,MASCULINO,0,ADULTOS,ADULTO,SIN EMPLEO DE ARMAS,SIN_ARMA,HURTO,HURTO ABIGEATO,1,0
SANTANDER,BARRANCABERMEJA,2015-05-06,2015,5,6,2,2015-05,2,0,MASCULINO,0,ADULTOS,ADULTO,SIN EMPLEO DE ARMAS,SIN_ARMA,HURTO,HURTO ABIGEATO,1,0
SANTANDER,SIMACOTA,2025-01-03,2025,1,3,1,2025-01,4,0,MASCULINO,0,ADULTOS,ADULTO,SIN EMPLEO DE ARMAS,SIN_ARMA,HURTO,HURTO ABIGEATO,1,0
SANTANDER,CURITÍ,2015-05-29,2015,5,29,2,2015-05,4,0,MASCULINO,0,ADULTOS,ADULTO,SIN EMPLEO DE ARMAS,SIN_ARMA,HURTO,HURTO ABIGEATO,1,0
SANTANDER,LANDÁZURI,2015-04-12,2015,4,12,2,2015-04,6,1,MASCULINO,0,ADULTOS,ADULTO,SIN EMPLEO DE ARMAS,SIN_ARMA,HURTO,HURTO ABIGEATO,1,0
SANTANDER,ENCINO,2015-06-15,2015,6,15,2,2015-06,0,0,FEMENINO,1,ADULTOS,ADULTO,SIN EMPLEO DE ARMAS,SIN_ARMA,HURTO,HURTO ABIGEATO,1,0
SANTANDER,VÉLEZ,2015-05-25,2015,5,25,2,2015-05,0,0,MASCULINO,0,ADULTOS,ADULTO,SIN EMPLEO DE ARMAS,SIN_ARMA,HURTO,HURTO ABIGEATO,1,0
SANTANDER,BARRANCABERMEJA,2015-07-19,2015,7,19,3,2015-07,6,1,FEMENINO,1,ADULTOS,ADULTO,SIN EMPLEO DE ARMAS,SIN_ARMA,HURTO,HURTO ABIGEATO,1,0
SANTANDER,VÉLEZ,2015-07-02,2015,7,2,3,2015-07,3,0,FEMENINO,1,ADULTOS,ADULTO,SIN EMPLEO DE ARMAS,SIN_ARMA,HURTO,HURTO ABIGEATO,1,0
SANTANDER,SIMACOTA,2015-06-01,2015,6,1,2,2015-06,0,0,MASCULINO,0,ADULTOS,ADULTO,SIN EMPLEO DE ARMAS,SIN_ARMA,HURTO,HURTO ABIGEATO,1,0
SANTANDER,CIMITARRA,2015-08-06,2015,8,6,3,2015-08,3,0,MASCULINO,0,ADULTOS,ADULTO,SIN EMPLEO DE ARMAS,SIN_ARMA,HURTO,HURTO ABIGEATO,1,0
SANTANDER,BARRANCABERMEJA,2015-06-14,2015,6,14,2,2015-06,6,1,MASCULINO,0,ADULTOS,ADULTO,SIN EMPLEO DE ARMAS,SIN_ARMA,HURTO,HURTO ABIGEATO,1,0
SANTANDER,BARRANCABERMEJA,2015-07-28,2015,7,28,3,2015-07,1,0,MASCULINO,0,ADULTOS,ADULTO,SIN EMPLEO DE ARMAS,SIN_ARMA,HURTO,HURTO ABIGEATO,1,0
SANTANDER,BARRANCABERMEJA,2015-08-08,2015,8,8,3,2015-08,5,1,MASCULINO,0,ADULTOS,ADULTO,SIN EMPLEO DE ARMAS,SIN_ARMA,HURTO,HURTO ABIGEATO,1,0
SANTANDER,ONZAGA,2015-10-12,2015,10,12,4,2015-10,0,0,MASCULINO,0,ADULTOS,ADULTO,SIN EMPLEO DE ARMAS,SIN_ARMA,HURTO,HURTO ABIGEATO,1,0
SANTANDER,BARRANCABERMEJA,2015-10-13,2015,10,13,4,2015-10,1,0,MASCULINO,0,ADULTOS,ADULTO,SIN EMPLEO DE ARMAS,SIN_ARMA,HURTO,HURTO ABIGEATO,1,0
SANTANDER,BARRANCABERMEJA,2015-10-04,2015,10,4,4,2015-10,6,1,MASCULINO,0,ADULTOS,ADULTO,SIN EMPLEO DE ARMAS,SIN_ARMA,HURTO,HURTO ABIGEATO,1,0
SANTANDER,BARRANCABERMEJA,2015-10-26,2015,10,26,4,2015-10,0,0,MASCULINO,0,ADULTOS,ADULTO,SIN EMPLEO DE ARMAS,SIN_ARMA,HURTO,HURTO ABIGEATO,1,0
SANTANDER,BARRANCABERMEJA,2015-10-15,2015,10,15,4,2015-10,3,0,MASCULINO,0,ADULTOS,ADULTO,SIN EMPLEO DE ARMAS,SIN_ARMA,HURTO,HURTO ABIGEATO,1,0
SANTANDER,CIMITARRA,2015-10-28,2015,10,28,4,2015-10,2,0,MASCULINO,0,ADULTOS,ADULTO,SIN EMPLEO DE ARMAS,SIN_ARMA,HURTO,HURTO ABIGEATO,1,0
SANTANDER,SABANA DE TORRES,2015-11-07,2015,11,7,4,2015-11,5,1,MASCULINO,0,ADULTOS,ADULTO,SIN EMPLEO DE ARMAS,SIN_ARMA,HURTO,HURTO ABIGEATO,1,0
SANTANDER,BARRANCABERMEJA,2015-11-05,2015,11,5,4,2015-11,3,0,MASCULINO,0,ADULTOS,ADULTO,SIN EMPLEO DE ARMAS,SIN_ARMA,HURTO,HURTO ABIGEATO,1,0
SANTANDER,PIEDECUESTA,2015-10-20,2015,10,20,4,2015-10,1,0,MASCULINO,0,ADULTOS,ADULTO,SIN EMPLEO DE ARMAS,SIN_ARMA,HURTO,HURTO ABIGEATO,1,1
SANTANDER,CIMITARRA,2015-11-08,2015,11,8,4,2015-11,6,1,MASCULINO,0,ADULTOS,ADULTO,SIN EMPLEO DE ARMAS,SIN_ARMA,HURTO,HURTO ABIGEATO,1,0
SANTANDER,CIMITARRA,2015-12-23,2015,12,23,4,2015-12,2,0,MASCULINO,0,ADULTOS,ADULTO,SIN EMPLEO DE ARMAS,SIN_ARMA,HURTO,HURTO ABIGEATO,1,0
SANTANDER,CIMITARRA,2015-10-11,2015,10,11,4,2015-10,6,1,MASCULINO,0,ADULTOS,ADULTO,SIN EMPLEO DE ARMAS,SIN_ARMA,HURTO,HURTO ABIGEATO,1,0
SANTANDER,BARRANCABERMEJA,2015-11-29,2015,11,29,4,2015-11,6,1,MASCULINO,0,ADULTOS,ADULTO,SIN EMPLEO DE ARMAS,SIN_ARMA,HURTO,HURTO ABIGEATO,1,0
SANTANDER,CURITÍ,2015-12-15,2015,12,15,4,2015-12,1,0,MASCULINO,0,ADULTOS,ADULTO,SIN EMPLEO DE ARMAS,SIN_ARMA,HURTO,HURTO ABIGEATO,1,0
SANTANDER,SAN VICENTE DE CHUCURÍ,2015-12-20,2015,12,20,4,2015-12,6,1,MASCULINO,0,ADULTOS,ADULTO,SIN EMPLEO DE ARMAS,SIN_ARMA,HURTO,HURTO ABIGEATO,1,0
SANTANDER,BOLÍVAR,2016-01-08,2016,1,8,1,2016-01,4,0,MASCULINO,0,ADULTOS,ADULTO,SIN EMPLEO DE ARMAS,SIN_ARMA,HURTO,HURTO ABIGEATO,1,0
SANTANDER,SIMACOTA,2015-12-29,2015,12,29,4,2015-12,1,0,MASCULINO,0,ADULTOS,ADULTO,SIN EMPLEO DE ARMAS,SIN_ARMA,HURTO,HURTO ABIGEATO,1,0
SANTANDER,BARRANCABERMEJA,2016-02-14,2016,2,14,1,2016-02,6,1,MASCULINO,0,ADULTOS,ADULTO,SIN EMPLEO DE ARMAS,SIN_ARMA,HURTO,HURTO ABIGEATO,1,0
SANTANDER,BARRANCABERMEJA,2016-02-28,2016,2,28,1,2016-02,6,1,MASCULINO,0,ADULTOS,ADULTO,SIN EMPLEO DE ARMAS,SIN_ARMA,HURTO,HURTO ABIGEATO,1,0
SANTANDER,SIMACOTA,2016-02-05,2016,2,5,1,2016-02,4,0,MASCULINO,0,ADULTOS,ADULTO,SIN EMPLEO DE ARMAS,SIN_ARMA,HURTO,HURTO ABIGEATO,1,0
SANTANDER,BARRANCABERMEJA,2016-03-09,2016,3,9,1,2016-03,2,0,FEMENINO,1,ADULTOS,ADULTO,SIN EMPLEO DE ARMAS,SIN_ARMA,HURTO,HURTO ABIGEATO,1,0
SANTANDER,BARRANCABERMEJA,2016-02-28,2016,2,28,1,2016-02,6,1,MASCULINO,0,ADULTOS,ADULTO,SIN EMPLEO DE ARMAS,SIN_ARMA,HURTO,HURTO ABIGEATO,1,0
SANTANDER,BARRANCABERMEJA,2016-03-23,2016,3,23,1,2016-03,2,0,MASCULINO,0,ADULTOS,ADULTO,SIN EMPLEO DE ARMAS,SIN_ARMA,HURTO,HURTO ABIGEATO,1,0
SANTANDER,RIONEGRO,2013-09-01,2013,9,1,3,2013-09,6,1,MASCULINO,0,ADULTOS,ADULTO,SIN EMPLEO DE ARMAS,SIN_ARMA,HURTO,HURTO ABIGEATO,1,0
SANTANDER,BARRANCABERMEJA,2013-11-04,2013,11,4,4,2013-11,0,0,MASCULINO,0,ADULTOS,ADULTO,SIN EMPLEO DE ARMAS,SIN_ARMA,HURTO,HURTO ABIGEATO,1,0
SANTANDER,CURITÍ,2013-11-18,2013,11,18,4,2013-11,0,0,MASCULINO,0,ADULTOS,ADULTO,SIN EMPLEO DE ARMAS,SIN_ARMA,HURTO,HURTO ABIGEATO,1,0
SANTANDER,EL CARMEN DE CHUCURÍ,2013-08-14,2013,8,14,3,2013-08,2,0,MASCULINO,0,ADULTOS,ADULTO,SIN EMPLEO DE ARMAS,SIN_ARMA,HURTO,HURTO ABIGEATO,1,0
SANTANDER,VÉLEZ,2013-07-30,2013,7,30,3,2013-07,1,0,MASCULINO,0,ADULTOS,ADULTO,SIN EMPLEO DE ARMAS,SIN_ARMA,HURTO,HURTO ABIGEATO,1,0
SANTANDER,BARBOSA,2013-11-29,2013,11,29,4,2013-11,4,0,FEMENINO,1,ADULTOS,ADULTO,SIN EMPLEO DE ARMAS,SIN_ARMA,HURTO,HURTO ABIGEATO,1,0
SANTANDER,BARBOSA,2013-12-10,2013,12,10,4,2013-12,1,0,MASCULINO,0,ADULTOS,ADULTO,SIN EMPLEO DE ARMAS,SIN_ARMA,HURTO,HURTO ABIGEATO,1,0
SANTANDER,CHARALÁ,2013-02-01,2013,2,1,1,2013-02,4,0,MASCULINO,0,ADULTOS,ADULTO,SIN EMPLEO DE ARMAS,SIN_ARMA,HURTO,HURTO ABIGEATO,1,0
SANTANDER,BARBOSA,2014-01-03,2014,1,3,1,2014-01,4,0,FEMENINO,1,ADULTOS,ADULTO,SIN EMPLEO DE ARMAS,SIN_ARMA,HURTO,HURTO ABIGEATO,1,0
SANTANDER,SUCRE,2014-01-16,2014,1,16,1,2014-01,3,0,MASCULINO,0,ADULTOS,ADULTO,SIN EMPLEO DE ARMAS,SIN_ARMA,HURTO,HURTO ABIGEATO,1,0
SANTANDER,SIMACOTA,2014-01-16,2014,1,16,1,2014-01,3,0,MASCULINO,0,ADULTOS,ADULTO,SIN EMPLEO DE ARMAS,SIN_ARMA,HURTO,HURTO ABIGEATO,1,0
SANTANDER,SABANA DE TORRES,2014-01-18,2014,1,18,1,2014-01,5,1,FEMENINO,1,ADULTOS,ADULTO,SIN EMPLEO DE ARMAS,SIN_ARMA,HURTO,HURTO ABIGEATO,1,0
SANTANDER,PUENTE NACIONAL,2014-02-05,2014,2,5,1,2014-02,2,0,MASCULINO,0,ADULTOS,ADULTO,SIN EMPLEO DE ARMAS,SIN_ARMA,HURTO,HURTO ABIGEATO,1,0
SANTANDER,BARRANCABERMEJA,2014-03-05,2014,3,5,1,2014-03,2,0,MASCULINO,0,ADULTOS,ADULTO,SIN EMPLEO DE ARMAS,SIN_ARMA,HURTO,HURTO ABIGEATO,1,0
SANTANDER,SABANA DE TORRES,2014-03-15,2014,3,15,1,2014-03,5,1,MASCULINO,0,ADULTOS,ADULTO,SIN EMPLEO DE ARMAS,SIN_ARMA,HURTO,HURTO ABIGEATO,1,0
SANTANDER,ONZAGA,2013-07-21,2013,7,21,3,2013-07,6,1,MASCULINO,0,ADULTOS,ADULTO,SIN EMPLEO DE ARMAS,SIN_ARMA,HURTO,HURTO ABIGEATO,1,0
SANTANDER,BARRANCABERMEJA,2013-12-15,2013,12,15,4,2013-12,6,1,MASCULINO,0,ADULTOS,ADULTO,SIN EMPLEO DE ARMAS,SIN_ARMA,HURTO,HURTO ABIGEATO,1,0
SANTANDER,SABANA DE TORRES,2013-12-15,2013,12,15,4,2013-12,6,1,MASCULINO,0,ADULTOS,ADULTO,SIN EMPLEO DE ARMAS,SIN_ARMA,HURTO,HURTO ABIGEATO,1,0
SANTANDER,BARRANCABERMEJA,2014-04-01,2014,4,1,2,2014-04,1,0,MASCULINO,0,ADULTOS,ADULTO,SIN EMPLEO DE ARMAS,SIN_ARMA,HURTO,HURTO ABIGEATO,1,0
SANTANDER,PUENTE NACIONAL,2014-03-18,2014,3,18,1,2014-03,1,0,MASCULINO,0,ADULTOS,ADULTO,SIN EMPLEO DE ARMAS,SIN_ARMA,HURTO,HURTO ABIGEATO,1,0
SANTANDER,CURITÍ,2014-04-03,2014,4,3,2,2014-04,3,0,MASCULINO,0,ADULTOS,ADULTO,SIN EMPLEO DE ARMAS,SIN_ARMA,HURTO,HURTO ABIGEATO,1,0
SANTANDER,CONFINES,2014-03-26,2014,3,26,1,2014-03,2,0,FEMENINO,1,ADULTOS,ADULTO,SIN EMPLEO DE ARMAS,SIN_ARMA,HURTO,HURTO ABIGEATO,1,0
SANTANDER,CHARALÁ,2014-04-19,2014,4,19,2,2014-04,5,1,MASCULINO,0,ADULTOS,ADULTO,SIN EMPLEO DE ARMAS,SIN_ARMA,HURTO,HURTO ABIGEATO,1,0
SANTANDER,BARRANCABERMEJA,2014-05-01,2014,5,1,2,2014-05,3,0,MASCULINO,0,ADULTOS,ADULTO,SIN EMPLEO DE ARMAS,SIN_ARMA,HURTO,HURTO ABIGEATO,1,0
SANTANDER,SABANA DE TORRES,2014-05-13,2014,5,13,2,2014-05,1,0,MASCULINO,0,ADULTOS,ADULTO,SIN EMPLEO DE ARMAS,SIN_ARMA,HURTO,HURTO ABIGEATO,1,0
SANTANDER,CURITÍ,2014-04-12,2014,4,12,2,2014-04,5,1,MASCULINO,0,ADULTOS,ADULTO,SIN EMPLEO DE ARMAS,SIN_ARMA,HURTO,HURTO ABIGEATO,1,0
SANTANDER,PUENTE NACIONAL,2014-05-13,2014,5,13,2,2014-05,1,0,MASCULINO,0,ADULTOS,ADULTO,SIN EMPLEO DE ARMAS,SIN_ARMA,HURTO,HURTO ABIGEATO,1,0
SANTANDER,GUAPOTÁ,2014-05-04,2014,5,4,2,2014-05,6,1,MASCULINO,0,ADULTOS,ADULTO,SIN EMPLEO DE ARMAS,SIN_ARMA,HURTO,HURTO ABIGEATO,1,0
SANTANDER,BARRANCABERMEJA,2014-04-22,2014,4,22,2,2014-04,1,0,MASCULINO,0,ADULTOS,ADULTO,SIN EMPLEO DE ARMAS,SIN_ARMA,HURTO,HURTO ABIGEATO,1,0
SANTANDER,BARRANCABERMEJA,2014-06-09,2014,6,9,2,2014-06,0,0,MASCULINO,0,ADULTOS,ADULTO,SIN EMPLEO DE ARMAS,SIN_ARMA,HURTO,HURTO ABIGEATO,1,0
SANTANDER,BARRANCABERMEJA,2014-04-03,2014,4,3,2,2014-04,3,0,MASCULINO,0,ADULTOS,ADULTO,SIN EMPLEO DE ARMAS,SIN_ARMA,HURTO,HURTO ABIGEATO,1,0
SANTANDER,BARRANCABERMEJA,2014-06-07,2014,6,7,2,2014-06,5,1,MASCULINO,0,ADULTOS,ADULTO,SIN EMPLEO DE ARMAS,SIN_ARMA,HURTO,HURTO ABIGEATO,1,0
SANTANDER,BARRANCABERMEJA,2014-07-07,2014,7,7,3,2014-07,0,0,MASCULINO,0,ADULTOS,ADULTO,SIN EMPLEO DE ARMAS,SIN_ARMA,HURTO,HURTO ABIGEATO,1,0
SANTANDER,PUENTE NACIONAL,2014-05-09,2014,5,9,2,2014-05,4,0,MASCULINO,0,ADULTOS,ADULTO,SIN EMPLEO DE ARMAS,SIN_ARMA,HURTO,HURTO ABIGEATO,1,0
SANTANDER,GUADALUPE,2014-05-26,2014,5,26,2,2014-05,0,0,MASCULINO,0,ADULTOS,ADULTO,SIN EMPLEO DE ARMAS,SIN_ARMA,HURTO,HURTO ABIGEATO,1,0
SANTANDER,SUAITA,2014-06-08,2014,6,8,2,2014-06,6,1,MASCULINO,0,ADULTOS,ADULTO,SIN EMPLEO DE ARMAS,SIN_ARMA,HURTO,HURTO ABIGEATO,1,0
SANTANDER,BUCARAMANGA (CT),2014-07-31,2014,7,31,3,2014-07,3,0,FEMENINO,1,ADOLESCENTES,MENOR_EDAD,SIN EMPLEO DE ARMAS,SIN_ARMA,HURTO,HURTO ABIGEATO,1,1
SANTANDER,BARRANCABERMEJA,2014-08-08,2014,8,8,3,2014-08,4,0,FEMENINO,1,ADULTOS,ADULTO,SIN EMPLEO DE ARMAS,SIN_ARMA,HURTO,HURTO ABIGEATO,1,0
SANTANDER,PUENTE NACIONAL,2014-07-11,2014,7,11,3,2014-07,4,0,FEMENINO,1,ADULTOS,ADULTO,SIN EMPLEO DE ARMAS,SIN_ARMA,HURTO,HURTO ABIGEATO,1,0
SANTANDER,RIONEGRO,2014-07-05,2014,7,5,3,2014-07,5,1,MASCULINO,0,ADULTOS,ADULTO,SIN EMPLEO DE ARMAS,SIN_ARMA,HURTO,HURTO ABIGEATO,1,0
SANTANDER,PUERTO PARRA,2014-08-27,2014,8,27,3,2014-08,2,0,MASCULINO,0,ADULTOS,ADULTO,SIN EMPLEO DE ARMAS,SIN_ARMA,HURTO,HURTO ABIGEATO,1,0
SANTANDER,ALBANIA,2014-07-16,2014,7,16,3,2014-07,2,0,MASCULINO,0,ADULTOS,ADULTO,SIN EMPLEO DE ARMAS,SIN_ARMA,HURTO,HURTO ABIGEATO,1,0
SANTANDER,GUAVATÁ,2014-08-07,2014,8,7,3,2014-08,3,0,FEMENINO,1,ADULTOS,ADULTO,SIN EMPLEO DE ARMAS,SIN_ARMA,HURTO,HURTO ABIGEATO,1,0
SANTANDER,CIMITARRA,2014-09-13,2014,9,13,3,2014-09,5,1,FEMENINO,1,ADULTOS,ADULTO,SIN EMPLEO DE ARMAS,SIN_ARMA,HURTO,HURTO ABIGEATO,1,0
SANTANDER,SABANA DE TORRES,2014-09-10,2014,9,10,3,2014-09,2,0,MASCULINO,0,ADULTOS,ADULTO,SIN EMPLEO DE ARMAS,SIN_ARMA,HURTO,HURTO ABIGEATO,1,0
SANTANDER,PUERTO PARRA,2014-08-27,2014,8,27,3,2014-08,2,0,MASCULINO,0,ADULTOS,ADULTO,SIN EMPLEO DE ARMAS,SIN_ARMA,HURTO,HURTO ABIGEATO,1,0
SANTANDER,PUERTO PARRA,2014-08-23,2014,8,23,3,2014-08,5,1,MASCULINO,0,ADULTOS,ADULTO,SIN EMPLEO DE ARMAS,SIN_ARMA,HURTO,HURTO ABIGEATO,1,0
SANTANDER,BUCARAMANGA (CT),2014-11-21,2014,11,21,4,2014-11,4,0,MASCULINO,0,ADULTOS,ADULTO,SIN EMPLEO DE ARMAS,SIN_ARMA,HURTO,HURTO ABIGEATO,1,1
SANTANDER,BARRANCABERMEJA,2014-11-19,2014,11,19,4,2014-11,2,0,MASCULINO,0,ADULTOS,ADULTO,SIN EMPLEO DE ARMAS,SIN_ARMA,HURTO,HURTO ABIGEATO,1,0
SANTANDER,BARRANCABERMEJA,2014-11-15,2014,11,15,4,2014-11,5,1,MASCULINO,0,ADULTOS,ADULTO,SIN EMPLEO DE ARMAS,SIN_ARMA,HURTO,HURTO ABIGEATO,1,0
SANTANDER,BARRANCABERMEJA,2014-11-24,2014,11,24,4,2014-11,0,0,FEMENINO,1,ADULTOS,ADULTO,SIN EMPLEO DE ARMAS,SIN_ARMA,HURTO,HURTO ABIGEATO,1,0
SANTANDER,SABANA DE TORRES,2014-11-05,2014,11,5,4,2014-11,2,0,MASCULINO,0,ADULTOS,ADULTO,SIN EMPLEO DE ARMAS,SIN_ARMA,HURTO,HURTO ABIGEATO,1,0
SANTANDER,VÉLEZ,2014-11-04,2014,11,4,4,2014-11,1,0,MASCULINO,0,ADULTOS,ADULTO,SIN EMPLEO DE ARMAS,SIN_ARMA,HURTO,HURTO ABIGEATO,1,0
SANTANDER,BARRANCABERMEJA,2015-01-12,2015,1,12,1,2015-01,0,0,MASCULINO,0,ADULTOS,ADULTO,SIN EMPLEO DE ARMAS,SIN_ARMA,HURTO,HURTO ABIGEATO,1,0
SANTANDER,VALLE DE SAN JOSÉ,2015-01-15,2015,1,15,1,2015-01,3,0,MASCULINO,0,ADULTOS,ADULTO,SIN EMPLEO DE ARMAS,SIN_ARMA,HURTO,HURTO ABIGEATO,1,0
SANTANDER,CHARALÁ,2013-01-24,2013,1,24,1,2013-01,3,0,FEMENINO,1,ADULTOS,ADULTO,SIN EMPLEO DE ARMAS,SIN_ARMA,HURTO,HURTO ABIGEATO,1,0
SANTANDER,LANDÁZURI,2013-03-22,2013,3,22,1,2013-03,4,0,MASCULINO,0,ADULTOS,ADULTO,SIN EMPLEO DE ARMAS,SIN_ARMA,HURTO,HURTO ABIGEATO,1,0
SANTANDER,SUAITA,2013-04-04,2013,4,4,2,2013-04,3,0,MASCULINO,0,ADULTOS,ADULTO,SIN EMPLEO DE ARMAS,SIN_ARMA,HURTO,HURTO ABIGEATO,1,0
SANTANDER,CIMITARRA,2013-08-06,2013,8,6,3,2013-08,1,0,MASCULINO,0,ADULTOS,ADULTO,SIN EMPLEO DE ARMAS,SIN_ARMA,HURTO,HURTO ABIGEATO,1,0
SANTANDER,PIEDECUESTA,2013-09-09,2013,9,9,3,2013-09,0,0,MASCULINO,0,ADULTOS,ADULTO,SIN EMPLEO DE ARMAS,SIN_ARMA,HURTO,HURTO ABIGEATO,1,1
SANTANDER,RIONEGRO,2013-06-01,2013,6,1,2,2013-06,5,1,MASCULINO,0,ADULTOS,ADULTO,SIN EMPLEO DE ARMAS,SIN_ARMA,HURTO,HURTO ABIGEATO,1,0
SANTANDER,CHARALÁ,2012-12-30,2012,12,30,4,2012-12,6,1,MASCULINO,0,ADULTOS,ADULTO,SIN EMPLEO DE ARMAS,SIN_ARMA,HURTO,HURTO ABIGEATO,1,0
SANTANDER,RIONEGRO,2012-10-18,2012,10,18,4,2012-10,3,0,MASCULINO,0,ADULTOS,ADULTO,SIN EMPLEO DE ARMAS,SIN_ARMA,HURTO,HURTO ABIGEATO,1,0
SANTANDER,CIMITARRA,2013-08-23,2013,8,23,3,2013-08,4,0,MASCULINO,0,ADULTOS,ADULTO,SIN EMPLEO DE ARMAS,SIN_ARMA,HURTO,HURTO ABIGEATO,1,0
SANTANDER,BARRANCABERMEJA,2013-03-08,2013,3,8,1,2013-03,4,0,MASCULINO,0,ADULTOS,ADULTO,SIN EMPLEO DE ARMAS,SIN_ARMA,HURTO,HURTO ABIGEATO,1,0
SANTANDER,BARRANCABERMEJA,2013-01-20,2013,1,20,1,2013-01,6,1,MASCULINO,0,ADULTOS,ADULTO,SIN EMPLEO DE ARMAS,SIN_ARMA,HURTO,HURTO ABIGEATO,1,0
SANTANDER,SAN VICENTE DE CHUCURÍ,2013-10-18,2013,10,18,4,2013-10,4,0,MASCULINO,0,ADULTOS,ADULTO,SIN EMPLEO DE ARMAS,SIN_ARMA,HURTO,HURTO ABIGEATO,1,0
SANTANDER,SABANA DE TORRES,2013-11-16,2013,11,16,4,2013-11,5,1,MASCULINO,0,ADULTOS,ADULTO,SIN EMPLEO DE ARMAS,SIN_ARMA,HURTO,HURTO ABIGEATO,1,0
SANTANDER,MATANZA,2013-08-16,2013,8,16,3,2013-08,4,0,FEMENINO,1,ADULTOS,ADULTO,SIN EMPLEO DE ARMAS,SIN_ARMA,HURTO,HURTO ABIGEATO,1,0
SANTANDER,BARRANCABERMEJA,2013-09-12,2013,9,12,3,2013-09,3,0,MASCULINO,0,ADULTOS,ADULTO,SIN EMPLEO DE ARMAS,SIN_ARMA,HURTO,HURTO ABIGEATO,1,0
SANTANDER,LEBRIJA,2013-10-22,2013,10,22,4,2013-10,1,0,MASCULINO,0,ADULTOS,ADULTO,SIN EMPLEO DE ARMAS,SIN_ARMA,HURTO,HURTO ABIGEATO,1,1
SANTANDER,SABANA DE TORRES,2013-10-04,2013,10,4,4,2013-10,4,0,MASCULINO,0,ADULTOS,ADULTO,SIN EMPLEO DE ARMAS,SIN_ARMA,HURTO,HURTO ABIGEATO,1,0
SANTANDER,SAN VICENTE DE CHUCURÍ,2013-06-26,2013,6,26,2,2013-06,2,0,FEMENINO,1,ADULTOS,ADULTO,SIN EMPLEO DE ARMAS,SIN_ARMA,HURTO,HURTO ABIGEATO,1,0
SANTANDER,CIMITARRA,2013-07-16,2013,7,16,3,2013-07,1,0,MASCULINO,0,ADULTOS,ADULTO,SIN EMPLEO DE ARMAS,SIN_ARMA,HURTO,HURTO ABIGEATO,1,0
SANTANDER,CIMITARRA,2013-06-26,2013,6,26,2,2013-06,2,0,MASCULINO,0,ADULTOS,ADULTO,SIN EMPLEO DE ARMAS,SIN_ARMA,HURTO,HURTO ABIGEATO,1,0
SANTANDER,CIMITARRA,2013-10-11,2013,10,11,4,2013-10,4,0,MASCULINO,0,ADULTOS,ADULTO,SIN EMPLEO DE ARMAS,SIN_ARMA,HURTO,HURTO ABIGEATO,1,0
SANTANDER,COROMORO,2013-08-18,2013,8,18,3,2013-08,6,1,MASCULINO,0,ADULTOS,ADULTO,SIN EMPLEO DE ARMAS,SIN_ARMA,HURTO,HURTO ABIGEATO,1,0
SANTANDER,BARRANCABERMEJA,2013-09-15,2013,9,15,3,2013-09,6,1,MASCULINO,0,ADULTOS,ADULTO,SIN EMPLEO DE ARMAS,SIN_ARMA,HURTO,HURTO ABIGEATO,1,0
SANTANDER,GUAVATÁ,2013-08-22,2013,8,22,3,2013-08,3,0,MASCULINO,0,ADULTOS,ADULTO,SIN EMPLEO DE ARMAS,SIN_ARMA,HURTO,HURTO ABIGEATO,1,0
SANTANDER,LA BELLEZA,2013-08-11,2013,8,11,3,2013-08,6,1,FEMENINO,1,ADULTOS,ADULTO,SIN EMPLEO DE ARMAS,SIN_ARMA,HURTO,HURTO ABIGEATO,1,0
SANTANDER,VÉLEZ,2013-06-26,2013,6,26,2,2013-06,2,0,MASCULINO,0,ADULTOS,ADULTO,SIN EMPLEO DE ARMAS,SIN_ARMA,HURTO,HURTO ABIGEATO,1,0
SANTANDER,PUENTE NACIONAL,2013-06-18,2013,6,18,2,2013-06,1,0,MASCULINO,0,ADULTOS,ADULTO,SIN EMPLEO DE ARMAS,SIN_ARMA,HURTO,HURTO ABIGEATO,1,0
SANTANDER,SUCRE,2013-08-02,2013,8,2,3,2013-08,4,0,FEMENINO,1,ADULTOS,ADULTO,SIN EMPLEO DE ARMAS,SIN_ARMA,HURTO,HURTO ABIGEATO,1,0
SANTANDER,SUCRE,2013-10-01,2013,10,1,4,2013-10,1,0,MASCULINO,0,ADULTOS,ADULTO,SIN EMPLEO DE ARMAS,SIN_ARMA,HURTO,HURTO ABIGEATO,1,0
SANTANDER,RIONEGRO,2010-05-16,2010,5,16,2,2010-05,6,1,MASCULINO,0,ADULTOS,ADULTO,SIN EMPLEO DE ARMAS,SIN_ARMA,HURTO,HURTO ABIGEATO,1,0
SANTANDER,SABANA DE TORRES,2010-03-01,2010,3,1,1,2010-03,0,0,MASCULINO,0,ADULTOS,ADULTO,SIN EMPLEO DE ARMAS,SIN_ARMA,HURTO,HURTO ABIGEATO,1,0
SANTANDER,SANTA HELENA DEL OPÓN,2022-07-26,2022,7,26,3,2022-07,1,0,MASCULINO,0,ADULTOS,ADULTO,SIN EMPLEO DE ARMAS,SIN_ARMA,HURTO,HURTO PIRATERÍA TERRESTRE,1,0
SANTANDER,GAMBITA,2024-12-28,2024,12,28,4,2024-12,5,1,FEMENINO,1,ADULTOS,ADULTO,SIN EMPLEO DE ARMAS,SIN_ARMA,HURTO,HURTO ABIGEATO,1,0
SANTANDER,BUCARAMANGA (CT),2017-09-29,2017,9,29,3,2017-09,4,0,,-1,ADULTOS,ADULTO,SIN EMPLEO DE ARMAS,SIN_ARMA,HURTO,HURTO ENTIDADES FINANCIERAS,1,1
SANTANDER,BUCARAMANGA (CT),2019-10-23,2019,10,23,4,2019-10,2,0,,-1,ADULTOS,ADULTO,SIN EMPLEO DE ARMAS,SIN_ARMA,HURTO,HURTO ENTIDADES FINANCIERAS,1,1
SANTANDER,BARRANCABERMEJA,2019-04-15,2019,4,15,2,2019-04,0,0,,-1,ADULTOS,ADULTO,SIN EMPLEO DE ARMAS,SIN_ARMA,HURTO,HURTO ENTIDADES FINANCIERAS,1,0
